GENE	GTEX-NL3G	GTEX-14ICL	GTEX-PX3G
ENSG00000215270.3	-0.0705979526624339	-0.207239198906483	-0.466924143576239
ENSG00000206195.6	1.41202734823631	0.625290716544328	0.527209710128958
ENSG00000272872.1	-0.29279473978607	-0.311360914567243	-0.0558923751501029
ENSG00000232775.2	-0.03589051314777	0.0742101110053639	1.01789325318584
ENSG00000271127.1	0.0253667644119355	-0.0656087623895378	-0.0849269864364771
ENSG00000225255.2	0.0118153069729132	-0.0292761715978001	0.578362213184304
ENSG00000235992.1	-0.0291442701613335	0.0857071461444868	-0.0793566752564649
ENSG00000241838.2	0.188492691123461	0.0889663957537326	0.31845531971453
ENSG00000198062.10	0.064992072200101	-0.0984602319448793	-0.267962067343901
ENSG00000236666.1	-0.0655220961258237	0.0670782348373165	-0.199559310790798
ENSG00000224435.2	1.23901256983253	0.0335754936991993	-0.20432392895651
ENSG00000231565.1	-0.02454865323048	0.0687069386058835	-0.215179240935979
ENSG00000230471.1	-0.0366103018618575	0.0752551597272317	-0.182439447852089
ENSG00000213727.3	-0.15391899511079	0.0217262194026662	-0.135694757028509
ENSG00000215268.3	-0.0895126017034522	0.119930318864807	-0.0226982531638101
ENSG00000233408.1	-0.0252820535920337	0.00232303609373286	-0.10439055879695
ENSG00000130538.4	-0.169902127470398	0.174523695501861	-0.110639453781794
ENSG00000225293.1	-0.119227859701523	-0.0485433893905924	-0.224532750542436
ENSG00000227367.1	-0.00514025188829781	-0.0274837558370218	-0.313356926000983
ENSG00000273362.1	0.140883084511574	1.04121364972393	-0.22943588284857
ENSG00000239435.1	-0.237585676833333	0.064219034759336	-0.109576696234716
ENSG00000198445.3	0.018023570139575	0.842246948182213	-0.278720057898628
ENSG00000240122.1	-0.336578509679436	0.94707576238909	-0.268089338218483
ENSG00000100181.17	-1.05383606839406	0.161279423076445	-0.147206410115582
ENSG00000267338.1	0.0269961738949859	-0.318390742303575	-0.455875458287564
ENSG00000249288.1	0.233419221663501	-0.0521647976082061	-0.645799469381944
ENSG00000249263.2	0.0757738113286684	0.392615175400792	0.0358695720985022
ENSG00000189295.9	-0.0562503561453094	-0.00391235236669893	-0.23550849751295
ENSG00000259271.1	-0.0390969132858768	-0.205943726141458	-0.051103286354687
ENSG00000241717.1	-0.396395961401818	-0.231812362962043	-0.00999460961525212
ENSG00000235343.1	-0.0425540593084868	0.0921979768855125	-0.0534681513620622
ENSG00000172967.7	-0.804103827367717	0.142534328519106	0.195997591572221
ENSG00000229027.3	0.102882460101221	-0.0153332941404639	-0.180638732442769
ENSG00000220248.1	-0.475794365996487	-0.208726361064515	-0.248059997671554
ENSG00000237689.1	-0.0857865771581547	0.106500492211169	-0.0710673378427645
ENSG00000225480.1	0.0236634494568183	-0.140046467964546	-0.0279167399315271
ENSG00000230481.2	-0.204453687932765	0.626878721404359	-0.707267622812452
ENSG00000253691.2	0.483923625942295	-1.0712577954558	0.69927259340559
ENSG00000253460.2	-0.0111262986177961	-0.12692216733833	-0.4017029269237
ENSG00000253481.2	-0.1044228502901	-0.254461234974225	-0.431424039431311
ENSG00000215568.3	-0.142674044703544	0.196952227167082	0.682829753979658
ENSG00000270226.1	0.0532374431382091	0.0554875796089002	-0.152415141455762
ENSG00000237438.2	0.208284834178876	-0.307529959414644	0.197742184614503
ENSG00000273203.1	0.385302711672761	0.217003450941994	-0.175194242460607
ENSG00000273442.1	-0.366466190030763	0.602795430234706	0.0775133905277976
ENSG00000177663.9	-0.0264226560371473	-0.116129834618215	0.129444243502903
ENSG00000235328.1	0.404728270725501	-0.164143973282992	-0.416988493378954
ENSG00000183307.3	-0.238642055824252	-0.0939298861023711	-0.0753400595320508
ENSG00000235478.1	0.0124385928209481	0.126159455073759	-0.483833884994884
ENSG00000069998.8	0.0777304078613636	-0.298758744831153	0.0144010286284564
ENSG00000185837.3	0.416496917024668	0.433558239074779	0.368977572855357
ENSG00000093072.11	-0.054636777444471	0.067945432693594	0.178849235076665
ENSG00000236325.1	-0.362380658439428	-0.94394143962754	-0.972430558529276
ENSG00000269774.1	-0.15933287402857	0.259539828366623	0.492785484919084
ENSG00000203416.2	1.12943662436948	-1.14213917492735	-0.451197592901708
ENSG00000241832.1	0.056547555507263	-0.14496957739838	0.803224075863527
ENSG00000231004.2	-0.016424060355346	0.153785425356647	-0.0950595717504941
ENSG00000099954.14	0.328429785928417	-0.273823148495414	0.385377000828528
ENSG00000229492.1	-0.0287588842291822	0.0359940004183218	-0.233616365459789
ENSG00000232305.1	0.0208103233988535	0.122219946517668	-0.0495650033644156
ENSG00000228045.1	-0.0491988613484147	0.0831907945253488	-0.10825555926926
ENSG00000182902.9	0.132966296169168	-0.111237330851397	-0.198288979290916
ENSG00000236754.1	0.807042255099307	0.227766880459578	-0.0470685046617546
ENSG00000131100.8	-0.185343633947152	-0.18098604110272	-0.164612173756107
ENSG00000099968.13	0.00357863807720644	-0.320991489839513	0.173514163010579
ENSG00000015475.14	0.0538577258408681	0.100406609821863	-0.0768870223801367
ENSG00000269220.1	0.036460103375046	0.662081611344142	-0.152911814596014
ENSG00000243156.3	0.0620287365310886	0.303865683534863	-0.257301876901268
ENSG00000235445.1	-0.187337068950056	0.131240011472451	-0.100633863329827
ENSG00000234913.1	-0.388359753029408	0.0289562012216559	-0.997556337819575
ENSG00000235295.1	-0.0765496987755933	-0.0913549543353584	-0.354494281437051
ENSG00000225335.2	0.461399124321661	-1.0876542027983	-0.852371034850223
ENSG00000215193.8	-0.482990432808767	0.0849957923925596	-0.207420607267889
ENSG00000236890.2	-0.0462002542390598	-0.212607956385438	0.851612997301895
ENSG00000183785.10	0.181277109232428	-0.0735363583923612	-0.0722700452693486
ENSG00000184979.9	0.267294580484686	0.30649352216889	0.310472068259314
ENSG00000187979.4	-0.0656919739299563	0.0585130086079814	-0.118019820687324
ENSG00000182824.6	-0.0801978356540077	-0.193589930386751	-0.233672029544298
ENSG00000197421.5	-0.127881798726444	0.0213167221613276	-0.778077916074064
ENSG00000234764.2	-0.224023349259612	0.0483218640554899	-0.0954408333076076
ENSG00000161103.7	-0.132575784036357	-0.617967281298894	1.09353829940165
ENSG00000215544.6	-0.0217930543801792	-0.126744310282972	-0.0788297414731133
ENSG00000183628.8	-0.385067842743317	0.202769546141838	-0.0505493866589516
ENSG00000100033.12	-0.480318872294826	-0.109758216368925	-0.297605654963278
ENSG00000237517.4	-0.283006285298726	0.104213572234276	-0.0484624981541533
ENSG00000271275.1	-0.079228628161783	-0.182915787139867	-0.156119654094877
ENSG00000273032.1	0.332615785250961	-0.0917255373936802	-0.0798478475114961
ENSG00000273164.1	-0.383284228429938	0.191913424759226	-0.0541633122006535
ENSG00000241527.1	0.428083219560804	0.0796892982461114	0.226556231348323
ENSG00000070413.14	0.0887373293032066	-0.165799441879046	0.0339301110061075
ENSG00000206739.1	1.18557724145712	0.0184615502827449	-1.37164941468707
ENSG00000273311.1	-0.106975429523244	-0.167719455542966	-0.121568354276884
ENSG00000237347.2	0.9635603459894	-0.905964965894085	0.252331360597624
ENSG00000223461.1	0.0470237245430475	0.236553775115997	-0.852097558320108
ENSG00000272682.1	0.297315424143533	-0.41068176664911	-1.71057859580409
ENSG00000231086.1	0.217301090532175	-0.651695871826089	1.00869859517077
ENSG00000100056.7	-0.240745962741116	0.102216633669616	-0.0108937127790029
ENSG00000063515.2	-0.081695413342785	-0.233963735231756	-0.365647546605753
ENSG00000260924.2	1.81381394461169	0.35369037487353	0.222088978078951
ENSG00000100075.5	0.0563884588409078	-0.333339717430631	0.0504679265227802
ENSG00000070371.11	-0.0570464613587292	0.127225384487436	0.0789312804541894
ENSG00000230194.1	-0.26246800523507	-0.0636146310436495	1.07345803367571
ENSG00000233471.2	-0.578324054714174	-0.500113508630512	0.421675326347437
ENSG00000100084.10	0.131878277588646	0.234280487413629	0.00933192837884727
ENSG00000244296.2	-0.128390285610572	-0.347525412065666	0.546969682943032
ENSG00000185608.4	0.405304963923265	-0.2036248246747	-0.208157017432872
ENSG00000242259.4	0.0925191120453809	0.0303702016866214	0.0566359828666444
ENSG00000185065.6	0.390428398897391	0.120663273260568	0.0153915856510091
ENSG00000070010.14	-0.0171929621440984	-0.219256394938578	-0.0662840233924808
ENSG00000273300.1	0.465419318532937	-0.00305565208743993	-0.416662148922609
ENSG00000273212.1	0.924446582683046	0.267030633015156	0.199635957627519
ENSG00000093009.5	0.0871348003062245	-0.0382824865295791	0.0428118144404412
ENSG00000184113.8	0.0239007183038832	0.156628539652498	0.00937594636927425
ENSG00000230485.1	-0.152688694908549	-0.00669152288017292	-0.0410374223025182
ENSG00000225007.1	-0.0378903406000029	0.0248471711337688	-0.0620977336341965
ENSG00000184702.13	-0.19113427837409	0.144879126515916	0.117722038774735
ENSG00000184058.8	-0.148494179953975	0.476346926331666	0.258444562072553
ENSG00000185838.9	0.428605336361378	-0.236245796950605	-0.0727836234756724
ENSG00000235776.2	-0.535127395741682	-0.789402926985745	0.17832587456419
ENSG00000215012.4	-0.199477083830092	-0.219353095098127	-0.0679658172044463
ENSG00000184470.15	-0.0622277689193371	-0.129833952172365	0.172154766951867
ENSG00000232926.1	-0.0667644395004087	0.987588296941077	-0.174630647482687
ENSG00000093010.7	-0.205962757006414	-0.357943575929161	0.160988662536288
ENSG00000099889.9	0.1640459507469	0.292704159991384	0.0661785066006035
ENSG00000183597.11	0.0452914509401255	-0.138562608355918	-0.0727450068647753
ENSG00000236540.3	-0.0909896827683407	-0.10633905658534	-0.151489450912945
ENSG00000128191.9	0.247100510480727	0.302967763514267	0.120410255095616
ENSG00000099899.10	-0.059526813431947	-0.260312829041483	0.223613476000962
ENSG00000099901.12	0.391962104393948	0.00406566056493597	0.113280975250363
ENSG00000099904.11	-0.248050366310092	0.397671058511519	0.027349855987634
ENSG00000234409.4	-0.596392874763841	0.422042556233453	0.368981782032763
ENSG00000249923.1	-0.205966178413011	-0.358153390641874	0.612044269989746
ENSG00000236499.2	0.124330558995325	-0.151208422219977	-0.2187427793432
ENSG00000040608.9	0.193275324184176	0.0206503174839015	-0.0774162882469907
ENSG00000161132.6	-0.413243036961482	-0.390654773711981	-0.167405862686435
ENSG00000128185.5	0.210378629702722	0.123956792211358	0.102516131630814
ENSG00000273343.1	0.197282348061536	-0.978226122111668	-1.05109418990343
ENSG00000273139.1	1.67609960810039	0.798025354511573	-0.791291954028102
ENSG00000188424.5	0.0291530425630351	-0.0908959284270898	-0.0411522834340958
ENSG00000235578.1	-0.366545125208546	0.0730049189490592	-0.577910054249738
ENSG00000230410.1	-0.098202042180454	-0.0139307495050788	-0.244425587729994
ENSG00000183038.9	-0.497779388173334	-0.0556315755396328	-0.458307769568186
ENSG00000235704.1	0.572562144311483	-0.896097797803138	0.468606597014756
ENSG00000206176.5	-0.045340874361563	-0.334357927574304	-1.01194483878801
ENSG00000215513.7	-0.342785480678522	-1.38977987079132	0.476411044673564
ENSG00000196622.6	-0.935952335681132	0.0164489683163682	0.343905668064064
ENSG00000236984.1	-0.236338148955426	-0.0698151839061791	1.32870726579935
ENSG00000234757.1	-0.287260686174665	-0.0630763581540725	-0.402274387675293
ENSG00000216522.3	-0.138424147352304	-0.219206964867431	-0.633286330342978
ENSG00000223579.2	0.00847111660532851	0.0349475331856597	-0.2881176728671
ENSG00000188280.7	-0.249163848135055	-0.255085902966145	-0.0222141926683637
ENSG00000161133.12	1.28679911851676	-0.33472036410674	-0.626895536239896
ENSG00000185252.13	0.4867650405589	0.503074854254723	-0.119312857838106
ENSG00000244486.3	-0.0533774527765593	-0.169089662608471	-0.227101680706228
ENSG00000099910.12	-0.033955302468627	0.355696941196594	0.0310919201714192
ENSG00000215493.3	-0.448468273305513	0.334308745593875	-0.62126389597759
ENSG00000255156.1	-0.10362552765025	0.947848646326901	-0.570859579375149
ENSG00000242876.2	-0.507763098550563	1.16236841672533	-0.635778458065611
ENSG00000236670.1	-1.98222570249702	0.298504456413539	0.653593226340979
ENSG00000099917.13	-0.211873469516947	-0.0243244318086485	0.136110327018322
ENSG00000236003.1	1.11007571927792	1.24125492716708	-0.39685468481855
ENSG00000250261.1	-0.135962090296355	-1.0684692227272	-0.366969567727826
ENSG00000223553.1	0.887785090518881	-0.0549712680836642	0.598449086916546
ENSG00000238125.1	-0.143560613603124	-0.0619972388340038	-0.227766966466909
ENSG00000229107.2	0.813887076963508	-0.273109042140629	0.974390521913774
ENSG00000217261.4	-0.0982300661426041	-0.218043738002954	0.640470007111024
ENSG00000235062.4	1.32105702424266	-0.380532110679335	-0.872730207833462
ENSG00000226287.3	0.237541182688183	-0.0178225544577319	-0.085621290596406
ENSG00000241973.6	0.0105655087062095	-0.00539191775371597	0.0539062548578165
ENSG00000234252.1	-0.0647025661723796	0.890575983656193	-0.435027897602049
ENSG00000099937.6	0.548315077757978	0.530654830851284	0.225021204657732
ENSG00000099940.7	-0.209492197316893	-0.0623927412679963	-0.46936720002148
ENSG00000099942.8	-0.241402129132354	-0.115662631276694	0.115545871172266
ENSG00000266366.1	0.0973982761449951	-0.388710122748856	-0.161257176421981
ENSG00000237476.1	0.6452155383312	0.0714717102772022	-0.341520823048957
ENSG00000183773.11	0.0868824254580132	0.0356418020951919	0.0777743260300224
ENSG00000099949.14	-0.2251010315343	-0.0858178399563477	0.189559693493378
ENSG00000272829.1	-1.00302771244413	1.64301872832452	-1.27889986739875
ENSG00000184436.7	-0.268393814621748	-0.299680317003587	0.0750584431010701
ENSG00000230513.1	-0.456489054015593	-0.25743804677707	-0.582221985861642
ENSG00000161149.7	-0.998927188479391	0.402404951921442	0.724403302622522
ENSG00000269103.1	0.0124687548802415	-0.025113378244012	-0.148110364962535
ENSG00000099957.12	0.390912727376233	0.189222196141973	0.734856327463482
ENSG00000099960.8	0.405501329062291	-0.430167841469859	0.25010755370486
ENSG00000206145.4	0.0814659929016044	-0.151405357375202	0.0116470937518727
ENSG00000226872.1	-0.0342095696727342	0.100673667496342	0.0209188149016112
ENSG00000187905.6	-0.579773422635223	-0.59811149201637	-0.667290929690242
ENSG00000249680.1	-0.0982514272567555	0.743915211933035	-0.114962640819142
ENSG00000169668.7	0.193487571699299	-0.287562523507717	0.256523833931527
ENSG00000197210.7	-0.737853951907261	-0.52819817197313	-0.870111678423206
ENSG00000239511.1	-0.108203563383313	-0.286968107903637	1.1105396935265
ENSG00000224688.1	0.0449366674030887	-0.106887703782981	-0.246863712092527
ENSG00000215498.4	-0.356134446425361	0.00927424175082555	-0.175931644532082
ENSG00000234503.1	-0.0799415645953584	0.0641204948112225	-0.0347222315732098
ENSG00000133475.12	-0.486545332183236	-0.537331461659089	-0.448956620013431
ENSG00000226885.1	-0.202510718961471	-0.0349032977667532	0.13569207996202
ENSG00000229266.1	-0.0423956204194052	0.0904942732918172	-0.346297944815067
ENSG00000169662.8	-0.0730281804891748	-0.11244560798766	0.907237690005356
ENSG00000206142.5	-0.0521429900636731	0.824589196395649	-0.43483307080067
ENSG00000196934.3	-0.592254219049631	-0.314796163122485	-0.458809156035943
ENSG00000169635.5	0.005991171299502	0.243699714434687	-0.0344973009217243
ENSG00000206140.5	0.267148596034648	-0.340969916702963	0.0356711679976441
ENSG00000183506.12	0.147180397220258	-0.715648717167558	-0.517592213537223
ENSG00000183246.6	1.58098795813706	0.41686118375008	0.0740808328379162
ENSG00000185651.10	0.32696186098502	-0.0304334112933847	-0.0895028994081594
ENSG00000161179.9	0.317259047850985	-0.0951052685280209	-0.0988500862999135
ENSG00000161180.6	-0.287501833340379	0.103415210777045	0.706821600104963
ENSG00000273342.1	0.0463907500310036	-0.161610133544869	-0.8884074343024
ENSG00000128228.4	0.119809669283749	-0.203872239192779	0.381580117931209
ENSG00000100023.13	-0.354705951322175	0.0166567601241504	-0.0589473274540224
ENSG00000272954.1	-0.709219973285505	0.071741073176741	0.418771905859159
ENSG00000100027.10	-0.448982007593219	0.0985688069470722	-0.351680016123621
ENSG00000244671.2	-0.190464745515902	-0.824367322657634	0.736504802292576
ENSG00000100030.10	-0.143412903052538	0.0954638248796357	0.056938530653422
ENSG00000225544.1	1.02236269147092	-1.2389025167738	-0.557132139346881
ENSG00000100034.9	0.359386190799882	0.298965229191985	-0.261013706394239
ENSG00000224086.3	0.414004703647704	-0.408152406006674	-0.117778667341766
ENSG00000100038.15	-0.0771894398303206	0.0638254173071294	-0.161766944382258
ENSG00000197549.5	-0.023955002946439	-0.257910724731052	-0.256943662228695
ENSG00000253239.1	-0.188029790186923	-0.00538371413924533	0.206115101399374
ENSG00000211637.2	-0.145057437043455	0.105046778400988	-0.277098022768779
ENSG00000225070.1	-0.0838523330656109	-0.264709808746248	-0.248337254995384
ENSG00000249333.1	0.00535729946757705	0.835505617681588	-0.385767968186589
ENSG00000228161.1	-0.160850373592316	1.06521749396629	-0.399750214896284
ENSG00000253874.1	0.104158823947698	0.0208019289506119	-0.363834304263771
ENSG00000254161.1	0.0321898037781152	0.162892466568404	-0.253847527460992
ENSG00000253242.1	-0.124944258915765	-0.226380169437883	-0.333760368045644
ENSG00000253752.1	-0.49767423508604	0.351936007858009	-1.20469893821677
ENSG00000253823.1	0.0570452884681695	-0.000181366998215792	-0.217446134573003
ENSG00000211638.2	0.299584334001115	0.178318695563639	-0.0397360094322261
ENSG00000225741.1	0.183735745781618	0.418064318134521	0.269411575434397
ENSG00000182502.2	-0.324349688935908	-0.0937079657130732	-0.168814450485973
ENSG00000236118.1	-0.359419858674457	-0.535945510431642	-0.431427652887947
ENSG00000233720.1	0.0271474029532672	-0.0198184596701037	0.881681311474706
ENSG00000211639.2	-0.266437228263127	0.673559047818634	0.0404242001825673
ENSG00000227710.1	-0.0658035569287226	-0.301952287949385	-0.270526846793086
ENSG00000224465.1	-0.16745516751691	0.887107143127883	-0.293051693753621
ENSG00000254308.1	-0.0423503570784881	-0.0445666223192338	-0.234490501960315
ENSG00000253637.1	-0.185879506329274	1.14608822154327	-0.385582089089949
ENSG00000236323.1	-0.189319966024231	0.0439838611402647	-0.172676922016637
ENSG00000211640.3	-0.0768749103211258	0.0941744863514259	-0.0614083111742983
ENSG00000253126.1	-0.0385729042432064	-0.198648344144567	-0.67750679029794
ENSG00000211641.2	0.102059609667636	0.338627613411358	-0.476264155403544
ENSG00000211642.2	0.00421879008202993	0.105522931274235	-0.0268167003456601
ENSG00000228050.1	0.341213188597044	0.830436497346789	1.68057417410607
ENSG00000234726.1	-0.0735361930666753	-0.143337636426375	-0.23583009983744
ENSG00000169575.4	0.300153403798971	0.723225799752042	-0.132516392523446
ENSG00000272216.1	-0.442077361655292	0.239181496005182	0.0389121872244478
ENSG00000234630.1	0.132064311580289	-0.12152127627623	0.756722760984463
ENSG00000272779.1	-1.09691970837407	0.476708568694484	0.74603869970698
ENSG00000211643.2	-1.05927299456815	0.537212555935006	-0.179016339778179
ENSG00000211644.2	0.0790907352271631	0.0187367597198342	-0.0914292801873694
ENSG00000211645.2	0.652751597319206	0.624796514822977	-0.551769473593078
ENSG00000225724.1	-0.147376064135219	-0.227966784224019	-0.482152265357618
ENSG00000223350.2	-0.0777440822875546	-0.128640997291964	0.00351832139237999
ENSG00000232515.1	0.0352673479913532	-0.103067460669833	0.688718741023467
ENSG00000211647.1	0.0497933070196603	-0.126754889838147	0.192547105282355
ENSG00000211648.2	0.0608761755562054	0.302577565299922	0.0594926974054546
ENSG00000237428.1	0.164664482863009	-0.128314348717766	-0.0897437125355296
ENSG00000211649.2	0.336779803576128	0.303521397996106	0.0922994829925856
ENSG00000232603.1	-0.105274309003346	-0.316160146535872	-0.359119765660629
ENSG00000211650.2	0.100005327834867	-0.0374486570517477	-0.0790007119520977
ENSG00000211651.2	0.112140990555649	0.0880232951963512	-0.241661864088424
ENSG00000211652.2	-0.0271992699424978	-0.0289585986496338	0.359530594139441
ENSG00000254175.1	0.193186626596668	-0.229631708997659	-0.102641405773823
ENSG00000254073.1	-0.265291473901256	0.530082217760162	-0.591079839670909
ENSG00000253818.1	-0.841176628372303	0.197595092792222	0.388750462598611
ENSG00000211653.2	-0.0251601700966819	-0.0833701560030317	0.0137298249859224
ENSG00000224144.1	-0.334396125901586	0.00698825668103178	-0.267433740485993
ENSG00000253889.1	1.18128653136749	1.12622198310198	-0.330072985802149
ENSG00000211654.2	-0.216984793158171	0.291341434561423	-0.601464275092534
ENSG00000211655.2	-0.0530466960491201	-0.110087980129589	-0.202721591381577
ENSG00000253631.1	-0.359040586861	1.14965917720761	-0.107213471007231
ENSG00000226595.1	-0.108990778823291	1.0418378133461	-0.369697581163144
ENSG00000198477.3	0.336911121600023	-0.295124441100604	0.0732470889670293
ENSG00000169548.3	0.953399075115534	-0.0480305390013601	0.932342457482881
ENSG00000185686.13	-2.14111875313555	0.0474249318498699	0.778502283772081
ENSG00000220891.1	0.0296576690003093	0.765788260721082	-0.168691333920296
ENSG00000253120.1	-0.300488147703471	0.461505151269836	0.0384210901250355
ENSG00000211656.2	-0.68254593674592	0.0711896079112296	0.266195743069674
ENSG00000211657.2	-0.472513155404463	-0.82122653571523	0.224307865665176
ENSG00000253920.1	-0.403853948701474	-0.171061410394199	-0.489927084739368
ENSG00000253329.1	0.247417512713324	0.422807087668762	-0.61221429448527
ENSG00000215456.5	-0.493554661647851	-0.414615782076233	0.105855339251315
ENSG00000183169.6	-0.228291371405231	-0.652411407322472	0.433401895806609
ENSG00000100121.8	-0.263583621047012	-0.19192207094532	-0.647639820171905
ENSG00000253338.1	-0.433978447412416	-0.269065756821094	-0.520490287117858
ENSG00000253451.1	-0.339022484721113	-0.387673743194428	0.0377247202364637
ENSG00000211658.2	0.122609160713688	0.288967173959014	-0.240339417595862
ENSG00000253913.1	0.104808866255787	1.07417611926498	-0.343570708338026
ENSG00000253779.1	-0.281248754619053	-0.0871943103658779	-0.663016721307741
ENSG00000211659.2	-0.0175679300067545	0.0487038643145454	-0.0354626233533196
ENSG00000223999.1	-0.0147029468824298	-0.017422903437176	-0.188540253701941
ENSG00000253822.1	-0.144503330977925	-0.598284215953859	0.103216747364261
ENSG00000211660.3	0.101891133356951	0.226828628814633	0.165440028280792
ENSG00000211661.2	-0.429320441371902	-0.153719810054242	0.79947311802078
ENSG00000211662.2	-0.0157664937379508	0.120200070270135	0.000394122954048027
ENSG00000254240.1	-0.0391672650257675	1.33180309989986	-0.164272416808682
ENSG00000211663.2	-0.117171938661248	-0.163876219123603	-0.157159671000045
ENSG00000211664.2	-0.16858573554832	0.131370214797516	-0.105725605558544
ENSG00000253152.1	-0.290802844545774	-0.41807672251219	-0.0287340049971618
ENSG00000211665.2	0.00327492135710389	0.222895480069336	0.00489180739051835
ENSG00000253786.1	0.110310293787843	-0.380796198247097	-0.330961707223671
ENSG00000211666.2	0.0624853374785437	0.0304289496857811	0.328528616186038
ENSG00000253590.1	0.551615587269432	1.61264818149998	-0.175132280641908
ENSG00000211667.2	0.0412098641962747	-0.108469064102605	-0.112509095810344
ENSG00000231392.1	-0.0809518008219122	0.901995407062031	-0.416928574241073
ENSG00000211668.2	0.0876235161212212	-0.0197947360826746	0.542299697522711
ENSG00000211669.2	-0.0652889993958949	-0.119759799627277	-0.123352479221866
ENSG00000226477.1	-0.0880687041509996	-0.174592218690183	-0.286520226964316
ENSG00000211670.2	-0.260828016306886	0.556014001316834	-0.199199278486335
ENSG00000211671.2	-0.0464255781874485	0.0635323088868344	0.119970066840412
ENSG00000237127.1	-0.350923670567386	1.00033360961408	0.484062141769197
ENSG00000253448.1	-0.128231592200889	0.129969626931778	-0.0595513713516304
ENSG00000207832.1	-0.164250655728436	0.944189298042584	1.10064334875735
ENSG00000253234.1	-0.32582670534817	-0.340936093058418	0.376573415394291
ENSG00000226420.1	0.00101019404847729	-0.128174747595556	0.47509066391692
ENSG00000211672.2	0.06120933357082	0.0626497859850438	0.292324802331362
ENSG00000253963.1	-0.265895799398126	-0.216734135955589	-0.471717161461585
ENSG00000211673.2	-0.0597442349688526	-0.185932504106679	-0.111254619892635
ENSG00000254709.2	0.173062609349837	0.274439774044776	0.106457584219249
ENSG00000211674.2	0.00497333793412607	0.259199745651975	-0.0480044110360768
ENSG00000211676.2	-0.181833255617627	-0.00376956436723283	-0.267440692891215
ENSG00000211677.2	0.00484891971683875	-0.0815828072267316	-0.0225153354833669
ENSG00000211678.2	-0.0235825847091596	0.0366287839748814	-0.0945134397718902
ENSG00000211679.2	0.0946669440373167	0.146249227523133	0.0452044526953399
ENSG00000254029.1	-0.0919753098137704	-0.316114315594096	-0.0621830307906162
ENSG00000254030.1	0.99028638820185	0.0420415610742499	0.277941383917229
ENSG00000211682.2	-0.211018832103743	0.248370323748266	0.210616992013727
ENSG00000222037.5	0.0334212223278919	0.0706568924087216	-0.0794663800194646
ENSG00000211684.2	-0.170798773140713	-0.183849161902842	0.31592298522989
ENSG00000211685.2	-0.201030312276803	-0.122460789022186	-0.0552956464576812
ENSG00000237472.1	-0.0157466722935212	-0.0325874983412695	-0.211562128537608
ENSG00000100218.7	0.617701892282099	0.120610656414741	0.148412942297608
ENSG00000128266.7	-0.0200103062619615	0.0855759911427074	-0.0960041610458521
ENSG00000272019.1	0.43484873210438	-0.197213161797506	0.61832242847864
ENSG00000100228.8	0.505511161492806	0.154267234640162	0.274303057658642
ENSG00000186716.15	-0.101778319893161	-0.217935407357219	-0.035813803410055
ENSG00000236794.4	0.830231492971239	-0.522933035968683	-0.88693801496669
ENSG00000240160.2	-0.715464803547487	-0.164708319254176	-1.1696113396033
ENSG00000230701.1	-0.0547882859786607	-0.68258344968768	0.161941342945617
ENSG00000214526.3	-0.0973579496613909	-0.00373515266520661	0.162144010164855
ENSG00000236611.1	-0.118748911450955	0.631207901615537	-0.326827806167255
ENSG00000215478.4	-0.185442565438699	0.0744929081969752	-0.347699681451312
ENSG00000133519.8	-0.0207975677514601	-0.925144346856654	-0.682816341656702
ENSG00000248409.1	-0.0759108581167194	-0.000468256955302515	-0.164171889025197
ENSG00000234928.1	-0.148975947753974	-0.0630833054896498	-0.386523397840942
ENSG00000227755.1	-0.0635449230963513	0.509099852354734	-0.304075124168384
ENSG00000178248.10	0.0194933135142579	0.0573249867656178	-0.269755836957904
ENSG00000225413.2	-0.00646063182380867	0.0886174853067251	-0.100156370137751
ENSG00000224277.1	0.0184506231550878	0.0448890161958243	-0.160623742653438
ENSG00000128322.6	0.294515370135028	-0.070296590818774	0.0649433752243056
ENSG00000272733.1	-0.792400370309215	0.802331716983233	-0.121845205393071
ENSG00000189269.8	-0.125024201592384	0.119808174756674	-0.061583848577332
ENSG00000234353.2	-0.0481310920498803	0.0685637133401747	-0.0942964492015213
ENSG00000244723.3	-0.0826731666893313	-0.0401899155581823	0.249013836985314
ENSG00000272578.1	-0.0652360694561994	0.257211446661212	-0.14747564815661
ENSG00000159496.10	-0.0532997621893169	-0.012360614144737	-0.0012137266365666
ENSG00000270041.1	0.349177535418611	-0.391161770808251	0.828313533051194
ENSG00000187792.3	0.256264007924815	-0.119748231578433	-0.310547374452749
ENSG00000128218.7	0.0821917222433199	-0.0557258834265095	-0.0545952419497459
ENSG00000169314.10	-0.0167355031175685	0.272528028223098	0.442499714556359
ENSG00000250479.4	-0.259574630133513	-0.0298456993865148	0.136455412367718
ENSG00000099953.5	0.345800160598626	-0.39550858202402	-0.0444616362108819
ENSG00000099956.13	-0.0158607216557238	0.0438846008060735	0.24788670527554
ENSG00000099958.10	-0.123372990048011	-0.0247746369119918	-0.0721086333236891
ENSG00000272973.1	-0.559319238851491	-0.0447876677529755	-0.322818197671388
ENSG00000133460.15	0.179478596736169	0.430775922071278	0.14645623023766
ENSG00000244425.2	-0.201939025871991	-0.579099784517433	0.814171439435052
ENSG00000240972.1	-0.34906043076224	0.954634673699944	-2.42119725294026
ENSG00000218537.1	0.590506918120443	0.602031569587589	-1.41409658334739
ENSG00000273295.1	-0.241913945593766	0.776733918918601	-1.72502419527224
ENSG00000225282.1	-0.248800397260168	0.635379983862461	-1.62430078235639
ENSG00000206090.4	0.0647059869755771	0.0967147887950985	-0.226587193633455
ENSG00000133433.6	-0.386669560073233	-0.408439415484535	0.705494786080743
ENSG00000099974.7	0.0668956789553811	0.0528717158297054	0.0652361981985063
ENSG00000272787.1	-0.293424394199036	-0.365240612423484	0.329290459394219
ENSG00000099977.9	0.0999731313494587	0.0202574557477812	-0.370990520264188
ENSG00000099984.6	0.298347756679384	-0.242914562381182	0.725661102647923
ENSG00000241850.3	0.000447805288418082	0.0436469866780244	-0.164269290384811
ENSG00000232014.1	-0.00251659239050957	0.144574454755468	-0.256688011033291
ENSG00000229513.1	0.15200671298436	0.00805331346811302	-0.10687647579335
ENSG00000224676.1	-0.118449341275452	0.0685854048405457	-0.179900423643625
ENSG00000184490.6	-0.0858696922256657	0.0219217694944978	-0.194927627280145
ENSG00000235231.3	0.164300389437446	0.731436721037464	-1.4592408826411
ENSG00000272955.1	-0.0258441557159052	0.746750150009556	-1.22908161485927
ENSG00000184674.8	-0.0640625399953924	0.16980645881731	-0.216409930045473
ENSG00000239334.1	0.033749016750225	-0.391874155283023	-0.252387542266289
ENSG00000235689.1	0.0657429461992414	-0.02825606459753	-0.276948865544102
ENSG00000099991.12	0.0142136734623469	0.226893070450604	-0.0133106244152918
ENSG00000232545.1	0.010746707592537	0.136986580653563	0.425067472641232
ENSG00000099994.10	-0.49573444258964	0.0981654429049206	0.303631711671868
ENSG00000099998.13	0.151462609220581	0.00698900361357438	-0.0287813814565636
ENSG00000230712.2	-0.186922554414489	-0.15914901867197	0.0992605602685992
ENSG00000128262.4	0.525526158206228	0.229029968436915	0.163576047237485
ENSG00000225098.1	1.48862795685752	-0.0964731697211523	-0.256528927320042
ENSG00000215464.4	1.51645635054512	-0.703607819540357	-0.21377301264031
ENSG00000100014.15	-0.173704960911141	0.325471866998277	-0.095358555979046
ENSG00000128271.15	-0.0358093895546902	-0.00590135901247456	-0.0128146643699236
ENSG00000178803.6	-0.0833703089490835	0.0552198635361085	-0.107234901167011
ENSG00000100024.10	0.11329218761231	0.019596838301837	-0.0275288798176568
ENSG00000228923.1	0.593661270767687	-0.0210225504529841	-0.12623610123312
ENSG00000138867.12	0.0379212438154095	-0.149260719913066	0.141122218622328
ENSG00000100028.7	-0.290281818775491	-0.0918383308252243	0.0262629005370705
ENSG00000178026.8	0.178049252564117	-0.127830696014328	-0.257709377456817
ENSG00000100031.14	0.137453914205888	-0.148265506751699	-0.169928421986757
ENSG00000230947.2	-0.031049084266282	-0.0613214177825754	-0.0884824645787447
ENSG00000215481.4	0.348646033564143	-0.848531576150593	-0.310295363999758
ENSG00000224124.2	0.288999148233379	-0.129532276596903	-0.363318479398245
ENSG00000240906.2	1.87137953041651	-0.415352132525467	0.33607446559102
ENSG00000224806.2	0.159570645852906	-0.083919705121371	-0.06662333737741
ENSG00000224334.1	-0.103916507927232	-0.497877177493466	-1.30712838545558
ENSG00000182351.6	-0.0579134661548923	0.340993620607339	-0.256731010333975
ENSG00000184571.9	-0.381910262280298	-0.367230776613545	-0.243963189371739
ENSG00000167037.14	0.0134839777210386	0.157783792378941	-0.118086547305483
ENSG00000206069.4	-0.204767224067941	-0.583656470430321	-0.245739680362333
ENSG00000197077.8	0.2618703989648	0.25534263739258	0.203187884512927
ENSG00000203280.3	0.57497325623053	-0.253076938949691	-0.232164261771632
ENSG00000271181.1	-0.236339373182258	0.687244907054522	-0.0874621229738826
ENSG00000100053.5	0.628886183874057	-0.860357572794581	-0.332167403249258
ENSG00000236641.1	-0.0846048037520789	-0.0503839230550893	-0.0845485189438061
ENSG00000244752.2	-0.124660268137163	-0.505076376145486	-0.31459548703402
ENSG00000233577.2	-0.217719630816281	-0.157104392752512	-0.295038646313729
ENSG00000206066.3	0.120568930873731	-0.520103036404947	0.365567167804982
ENSG00000230637.2	-0.431369314617341	0.668557576877349	-0.305150147251595
ENSG00000231466.2	1.02667559098619	-0.151979054069224	-0.768901981829849
ENSG00000100068.7	-0.0832170588423079	-0.036171918216505	0.339488970271567
ENSG00000272942.1	-0.081650768124634	-0.314542568029215	-0.440027904745194
ENSG00000272798.1	-0.0929330161945927	-0.0301461410940353	-0.000281564219453656
ENSG00000271138.1	0.0701541288892585	0.103442516543272	-0.202132659278065
ENSG00000100058.8	-0.31149077322022	-0.310409763794016	0.0566836043465522
ENSG00000272977.1	-0.808710955453883	0.157122790123922	0.281196693499474
ENSG00000234884.1	-0.066778412025755	-0.453923472813594	0.348823017358767
ENSG00000100077.10	-0.0393802705376349	0.000113228459165349	-0.0241122692735883
ENSG00000237387.1	0.253907275630217	1.05808997283933	-0.450774269527439
ENSG00000224003.1	-1.22309226666702	1.0202883386089	-0.0736646127765
ENSG00000222585.1	-0.381821317690055	-0.274143611438309	0.529354198118186
ENSG00000133454.11	0.0292072992734797	0.101168106091862	0.0395442354535793
ENSG00000231933.3	-0.0893989380604569	-0.0823184565209429	-0.0078411285757086
ENSG00000232464.1	-0.0554729315032764	0.122344719038793	-0.123869991730378
ENSG00000223056.1	-0.0152444080252167	0.0499272737955227	-0.139630653989468
ENSG00000236464.1	-0.059654868169171	0.143418664856696	-0.099697188851763
ENSG00000229770.1	-0.114337886918886	0.113759762974148	-0.165394253507062
ENSG00000100095.14	0.196174635259203	0.12872845950938	-0.0699827334220205
ENSG00000224192.2	-0.0378125407106518	0.0667164573004471	-0.155896361064305
ENSG00000230203.1	-0.376401916819674	-0.0965549435586146	-0.363474574469791
ENSG00000128203.6	-0.0565567934879456	-0.0491864996626639	0.00763770418939585
ENSG00000100099.16	0.06619990919902	-0.0028613200022603	-0.406846453623033
ENSG00000100104.8	0.275175945041593	0.286018531946813	-0.0447472870211981
ENSG00000100109.12	-0.399904481579872	-0.0766308064589901	0.0836044308781149
ENSG00000261188.1	0.58058407132618	0.41523227276213	0.334070385440364
ENSG00000260065.1	-0.295413105594403	0.144453415447464	0.0486903537489204
ENSG00000128294.11	-0.0183505456257733	0.0420008438549945	-0.0488471016213519
ENSG00000213707.2	0.432346829846558	-0.798491639188318	-0.734345795922222
ENSG00000100122.5	0.692009279333638	1.05789790432314	0.609150203950593
ENSG00000196431.3	-0.385735941922325	0.111435054800445	-0.291916570461088
ENSG00000226912.1	-0.0735240060109808	0.0856516726817345	-0.306691119820079
ENSG00000225783.2	-0.0767971664635393	-0.147095929441605	-0.0951963045035483
ENSG00000206028.1	0.470571441596118	1.07134155303049	-0.819812525584353
ENSG00000244625.1	0.0413465150214147	0.105111843790801	0.154401766505756
ENSG00000223704.1	1.44046086491835	0.614986160992711	-0.0955340500168738
ENSG00000231369.1	0.565381619954017	0.963317573073089	0.388215006975869
ENSG00000235271.1	-0.261958795301722	0.0524703946247824	1.12703400996477
ENSG00000236858.1	0.0161738589728188	0.122993771340232	-0.0642149978237108
ENSG00000231405.1	-0.052893885237719	0.0873001016563569	-0.199070267040672
ENSG00000238195.1	-0.0463741645439291	0.104342539683108	-0.107666785148741
ENSG00000233521.1	0.0699891732250318	-0.0208127970357865	-0.111423419174399
ENSG00000233574.1	0.0145690371858643	0.0788818254706346	-0.104065149268235
ENSG00000223726.1	-0.0451938341691554	0.197107017053557	-0.147068817314825
ENSG00000226741.1	-0.0237372140506041	-0.211439531401275	-0.284195381880951
ENSG00000230051.1	-0.193616742162444	-0.0355400510305047	-0.154091769216245
ENSG00000227880.1	-0.0971996120558522	0.0597705398409098	-0.167457652260895
ENSG00000224027.1	-0.0651164163986834	0.11091531614359	-0.196936089682153
ENSG00000227838.1	0.0149071013017318	1.07815763583849	-0.107547798958816
ENSG00000169184.5	0.261468881515781	-0.225713616192283	0.0154525800867083
ENSG00000180957.13	0.180861510417002	0.0551239970526012	-0.211288885085717
ENSG00000235954.2	0.347547981968269	0.198780610615884	0.00444121612624113
ENSG00000100154.10	-0.230638328454299	0.291441453498433	0.269802175520685
ENSG00000183765.16	-0.0986858446850858	-0.00227750594303284	0.285887285671912
ENSG00000100209.5	-0.325607945870458	0.226943893447289	0.233525780576995
ENSG00000159873.5	0.0386000809466817	0.143620386803449	0.0355262734387699
ENSG00000100219.12	-0.152233138487746	-0.0586332075822959	0.211028499571935
ENSG00000226471.2	-1.11629700281721	-1.09920059121549	0.803476765179182
ENSG00000272858.1	-0.285213534501769	0.8885379773808	-0.348626764559142
ENSG00000224256.1	-0.0710592498464725	-0.147011899633351	-0.261228730430437
ENSG00000183579.11	-0.276532601673586	-0.645187841435611	0.154508917507725
ENSG00000235786.1	0.00641761435093792	-0.136210762584495	-0.0339981149222439
ENSG00000177993.3	-0.443879134964344	-0.128621698965177	0.557254082047311
ENSG00000100249.4	0.174467396481585	-0.273134219500169	-0.381977255987013
ENSG00000183762.8	0.37407892164835	0.69953837775058	0.340003209165476
ENSG00000226772.1	0.784748834368918	0.73323508259553	0.27799900909226
ENSG00000186998.11	0.217443517753794	0.293394519586911	0.130362745104449
ENSG00000100263.9	0.380147210046497	-0.357496607940644	0.0960137858347829
ENSG00000237015.1	-1.37559421419294	-0.264611864197643	-0.13718922213667
ENSG00000182944.13	0.242416504484131	-0.0528284363827155	0.354823618713548
ENSG00000185340.11	0.294943881950253	-0.189743717543272	0.289392840906189
ENSG00000100276.9	-0.0202873575710686	0.136949378574823	0.178649652247846
ENSG00000273216.1	-0.959562243215904	-0.182198207620962	0.493865387302938
ENSG00000100280.12	0.0501570902147229	-0.31157001282769	0.130569689282431
ENSG00000239127.1	1.18376414851823	0.424439455205121	-0.159124925959808
ENSG00000225465.6	0.0785876820090992	0.00217530347278547	-0.221704565515742
ENSG00000128250.5	0.136931205078965	-0.339884539996165	-0.144447918741635
ENSG00000100285.9	-0.316305498232274	-0.408707823327222	0.0412205111649178
ENSG00000100296.9	-0.0516200898560299	-0.160677847554584	0.184913370414345
ENSG00000184117.7	-0.148901042757032	-0.102592080607404	0.0617788915495986
ENSG00000186575.13	0.0155022095925125	-0.191900011846443	0.038156318074634
ENSG00000233010.1	-0.0911130814542046	0.954802372560136	1.13869392048574
ENSG00000232396.2	-0.10176686712663	-0.12311235255754	-0.425552140085012
ENSG00000100314.3	0.20510128306283	0.0357403620185512	0.0332757917282739
ENSG00000100319.11	0.109213339288183	0.177285853993572	0.332650078066211
ENSG00000184076.10	-0.245542867733382	0.0327815086590782	-0.226965029488508
ENSG00000100325.10	-0.0513996256119648	0.0800117137872523	0.027820543105105
ENSG00000100330.11	-0.0168909566348497	-0.201628794762488	0.0108654845712464
ENSG00000227117.2	0.811274686521311	-0.365959826440401	-0.421898865649565
ENSG00000227201.2	-0.10515915853206	-0.0478489787899503	0.195800516189299
ENSG00000176635.13	-0.351030489676395	-0.552875667185972	-0.211282239255372
ENSG00000226573.1	-0.166464000751533	-0.00502959939907241	-0.248004849312157
ENSG00000225971.1	-0.229510405825492	-0.692955641093337	-0.261947980128135
ENSG00000225676.1	0.0652776245471271	0.107189663403315	-0.182229112791564
ENSG00000232530.1	0.00699355067586934	-0.218427516184393	-0.0361502537706986
ENSG00000128342.4	0.306788159638307	0.0807954893243989	-0.395117353121576
ENSG00000268812.2	0.397778823629821	0.0872075332617411	-0.56658036062128
ENSG00000099985.3	-0.0945797810160338	-0.0218239947149991	-0.12385636412081
ENSG00000239282.3	0.246690035977643	0.267581702902463	-0.177820126322728
ENSG00000099992.11	-0.0106615594135218	0.220076109386356	-0.135721256094871
ENSG00000099995.14	0.0586523951643426	0.0120617703120735	0.344090818408673
ENSG00000187860.6	-0.0649001549743869	0.0999546088521141	0.0312263832954333
ENSG00000241528.1	0.536145512253249	0.251380431865501	-0.0961402579189119
ENSG00000099999.10	0.153966415652282	0.176802003585992	0.281008418711708
ENSG00000100003.13	0.126504826059131	0.43228266769728	-0.177995659501952
ENSG00000268538.1	0.911473859242805	1.19566902940332	-0.538243843360378
ENSG00000273350.1	0.00577118925956558	0.84110581518603	-0.133256631967104
ENSG00000222915.1	-0.104848607155964	-0.0871713966827379	-0.197798136057304
ENSG00000272689.1	1.28538848828492	-0.56308670558663	0.484154041706634
ENSG00000242114.1	0.19346733622675	-0.263725164175256	0.151424240798446
ENSG00000100012.7	-0.36322039314859	0.344753480124578	-0.184086196978983
ENSG00000214161.3	0.62924181289787	-0.21187967031127	-0.348841034929676
ENSG00000181123.4	-0.259704899731065	-0.138179468330601	-0.074679990821924
ENSG00000133488.10	-0.122248255788241	0.45023943008728	-0.236390546822239
ENSG00000214491.4	0.240962956638526	0.426768320801493	-0.635647907912891
ENSG00000225774.1	-0.72815245963402	-0.116881010952132	1.052537588082
ENSG00000128242.8	-0.631466516070475	-0.0293436236283076	-0.42594665117279
ENSG00000100029.13	-0.0104087706735183	0.0486208560070079	0.101504704048523
ENSG00000223831.1	-0.155649129732529	0.159262776796988	-0.125691659306835
ENSG00000185339.4	0.124878742156142	0.300451408842032	0.138222403356842
ENSG00000100036.11	0.696179246258705	0.957087107810389	0.130037030627339
ENSG00000167065.9	-0.651265840280317	0.0200787698028875	-0.343380336441452
ENSG00000250318.1	-0.263126065107303	0.00113408144914599	-0.39841138569312
ENSG00000184792.11	-0.158446217825623	0.266008289232848	0.461800792227505
ENSG00000237977.1	0.133778276093334	0.0825700068512737	-0.32350283338444
ENSG00000235989.3	-0.421247992030481	0.343640939387085	0.219345931696675
ENSG00000133422.8	-0.0911173034408097	-0.245639118753497	0.0371948339756636
ENSG00000253352.4	0.00469369876243547	-0.172905971458537	0.0227884395874988
ENSG00000183963.14	0.0582267024526035	0.0436593759527791	-0.105023058845382
ENSG00000273387.1	0.0010681832906311	-0.41033840634936	-0.12751830332787
ENSG00000198832.6	0.0425298076152989	0.0393250530276156	-0.0932386470657556
ENSG00000235573.2	-0.0299803208598251	0.196718587491748	-0.187742212928472
ENSG00000185133.9	-0.0122515258208451	0.14318642493639	-0.229395669860356
ENSG00000100078.3	0.853746888922565	-0.314128533025638	-0.428154697414884
ENSG00000214125.2	-0.198489618279489	0.0341888806995917	-0.227550365855407
ENSG00000138942.11	0.62492268747034	-0.0128238440873644	-0.105126911183244
ENSG00000182541.13	-0.0171150479624935	0.172846278255325	-0.0229356907714966
ENSG00000199695.1	-0.24091949213382	0.811240601465098	-0.00454050327110692
ENSG00000202019.1	0.0126447400707912	0.49905235461636	-0.7561520237903
ENSG00000100100.8	-0.141803275018477	0.152504479269952	-0.175184046687087
ENSG00000228839.1	0.232505051371274	-0.15571617027724	-0.742704729314617
ENSG00000100105.13	-0.192326146546692	-0.272374855921409	-0.335555260129825
ENSG00000213888.2	0.249963500132873	-0.0311850886580342	-0.564204476520024
ENSG00000185721.7	0.126993066141805	-0.0839821704500335	-0.0212519920741034
ENSG00000184708.13	0.604809673062658	-0.268787761238113	-0.418607152127312
ENSG00000198089.10	-0.0304410216816138	0.0725803877317821	0.00860842712946344
ENSG00000214093.3	0.0328819409608666	-0.245432450142113	-0.0191542268720673
ENSG00000241878.5	0.0169511287771012	0.0818776172168155	-0.0252400663835191
ENSG00000183530.9	-0.00504669652910985	-0.167264936244445	-0.0357440380737174
ENSG00000100150.12	-0.290488206574788	-0.105261676269577	-0.26575667289865
ENSG00000236132.1	-0.396841377900774	0.510504544183637	-1.36206855430929
ENSG00000227813.1	-0.246861016276593	-0.288182699910279	0.809517657200839
ENSG00000128254.9	-1.82490284653239	0.883509369021081	-0.00181144497614289
ENSG00000128245.10	-0.196764981404263	-0.148967106302912	-0.0290169029036275
ENSG00000238910.1	-0.224034286698302	-0.526332998527427	-0.675525383613258
ENSG00000227519.1	-0.0283431752092372	-0.0429561145026808	-0.0952361914807347
ENSG00000230866.1	-0.00628464767317972	-0.0649462641017485	-0.279368920415456
ENSG00000240647.2	-0.198467878961519	0.0357925847882104	-0.10318308835137
ENSG00000232346.1	-0.178948371766509	-0.686240415716733	-0.622375545595165
ENSG00000100170.5	0.333515429857723	0.115808035040448	0.280193606694124
ENSG00000234479.2	-0.132030149142015	-0.258889375603838	-0.257846571717121
ENSG00000237439.1	0.00447590198358718	-0.00588905692366071	-0.127667643508501
ENSG00000239674.2	0.0346112563976268	0.059450622398086	-0.124047987870192
ENSG00000205856.3	-0.164121044813149	0.195096666601794	0.175682856885819
ENSG00000230120.1	-0.0110988461771259	0.0911031492540935	-0.294279663173483
ENSG00000128253.9	0.0177089244295137	0.0650889016316258	-0.024869360287813
ENSG00000254127.1	-0.059162168190203	0.0035850909494062	-0.4279167189559
ENSG00000242082.1	0.998653622191687	0.153042855808418	-0.725403594240224
ENSG00000100191.4	-0.305488189414923	-0.217309061654186	-0.221373348972449
ENSG00000214076.3	-0.183010950469977	-0.312581218281209	0.603850017761333
ENSG00000224050.1	-0.515034069576431	-0.329029196981324	-0.461045695440807
ENSG00000273325.1	-0.064441550191085	-0.469866187712505	-0.479845651805898
ENSG00000234626.1	-0.0440196554265437	0.0275877709870567	-0.132081066597711
ENSG00000128276.6	-0.177479662172082	0.658117668800921	-0.420048513496779
ENSG00000271093.1	-0.140685125173551	-0.0904675151777153	-0.125483555269006
ENSG00000205853.6	-0.0363803369792294	-2.01585438017031	-0.0248321349045264
ENSG00000243519.1	-0.484527207295248	1.44844091893633	0.84759666380507
ENSG00000241954.1	0.0337413760698942	0.218805996987659	-0.565979183797047
ENSG00000232218.1	-0.89150592511092	-0.629777341413696	-0.73995333379541
ENSG00000100220.7	-0.228070337828909	-0.0250723076614314	0.155111367666853
ENSG00000184459.4	-0.453333421625574	0.158998896053949	0.486290133258191
ENSG00000100225.13	-0.0407816833613046	0.188406480760832	-0.0121623917643494
ENSG00000185666.10	-0.433316326748919	-0.192485374245335	0.61488586353904
ENSG00000236054.1	-0.275571897019281	-0.0197754414327297	0.00442460794257143
ENSG00000100234.11	-0.0712637046006193	0.101535057739989	-0.515382921848328
ENSG00000197047.1	-0.200800198871265	-0.0403728049371998	-0.0323488312881094
ENSG00000228622.1	-0.0456017604105352	0.0835323357124128	-0.0857076915951805
ENSG00000231253.1	-0.0748303087052927	0.0233503258454685	-0.0927331314909725
ENSG00000133424.16	-0.300448348914405	-0.052228430288993	-0.108982595343593
ENSG00000230741.1	-0.000905314584035042	0.0816991094896355	-0.326625423779785
ENSG00000232081.1	-0.0403633313197174	0.0232651886903084	-0.110998314431085
ENSG00000224973.1	-0.0654477858403292	-0.0202521294674719	-0.122464295601749
ENSG00000236052.1	-0.0551628209162984	0.088373873504932	-0.17579880700021
ENSG00000224404.1	-0.0727043603897204	0.0452014453159685	-0.138165213061068
ENSG00000235485.1	-0.146325686877988	-0.198175969025386	0.0406977216421541
ENSG00000234891.1	-0.00282338044064124	0.141545575586721	0.746796202230764
ENSG00000237316.1	-0.0755622554093094	0.0838465879828368	-0.0249993126854713
ENSG00000227895.4	0.0158272529911694	-0.263822166831683	-0.0373220959093141
ENSG00000175329.8	-0.265366543988689	1.01786347941785	-0.147570047030407
ENSG00000233080.2	-0.0179426031407105	-0.115179202386536	-0.271316191504891
ENSG00000238153.1	0.0086792650908501	0.0806432650769387	-0.198234982446892
ENSG00000100281.9	0.432286253373074	0.0231724602387068	-0.0642894860712894
ENSG00000273176.1	1.50490397227943	-0.136126718859854	-0.514136211254653
ENSG00000100284.16	0.0573767650411703	-0.00456067430018361	-0.01094375331996
ENSG00000266320.1	1.00801050426583	0.555352008599824	-0.790188989569486
ENSG00000100292.12	0.132300600939985	0.0733487648196083	0.173331105442522
ENSG00000100297.11	0.0909113849374504	0.0213384007008963	0.0016439534045545
ENSG00000233388.2	-0.0257962574618835	-0.322387879450481	-0.461070368495172
ENSG00000273044.1	0.291608243121497	-0.115137974176931	-0.197461723837767
ENSG00000100302.6	0.203971811065586	-0.840713888612587	-0.199374080291418
ENSG00000198125.8	0.0443981162557957	0.130510941992973	0.0542733128699082
ENSG00000221963.5	-0.134096072603702	-0.154550665073249	-0.032001096813477
ENSG00000228587.1	-0.0863189032030944	-0.0383592070085374	-0.0988060423435478
ENSG00000226336.2	0.0181918314958901	0.0606283706391409	-0.137394192362822
ENSG00000128313.2	0.706865808548694	0.0926542344636662	0.910507773883244
ENSG00000100320.18	-0.123053882736104	0.0308319152932273	-0.0661031871714536
ENSG00000237406.1	0.143158909755592	-0.0758719994440301	0.073490580749333
ENSG00000128284.15	-0.0503392991505357	-0.0639873551515633	0.316108560733462
ENSG00000233764.1	-0.120993060689878	-0.0136535947361755	-0.227944805646462
ENSG00000231576.1	-0.040679884954851	-0.0304448086361579	-0.167116607346258
ENSG00000237948.1	0.140467844964238	0.0391467417959801	0.0346050242294828
ENSG00000225557.1	-0.0680891735706317	0.0244051508345	-0.172396262140734
ENSG00000237129.1	-0.00671460605036079	0.189201438555954	-0.010791348962715
ENSG00000229088.1	-0.159962498457236	-0.186479142216968	-0.0753972699367604
ENSG00000100336.13	0.112290714588699	0.348808027438254	-0.114681588008232
ENSG00000128335.9	0.00530909471622931	-0.121605307738698	0.10445074002223
ENSG00000100342.16	0.0960325706111434	-0.0930679491297855	-0.0525306806116409
ENSG00000100345.16	-0.107037880418407	-0.105862468650585	-0.0178305997595115
ENSG00000266345.1	-1.35059939058373	-0.683953373972866	0.04516838750836
ENSG00000223695.1	-0.185064837669711	-0.00491357168794761	-0.725195957988282
ENSG00000237668.1	1.15115192246931	0.806363239404183	1.17579688115897
ENSG00000228719.1	-0.604646877555939	-0.356647975414023	-0.0726697808027132
ENSG00000100348.5	-0.0649390058690402	-0.314888685034271	0.0808678795626466
ENSG00000100350.10	0.0460331061814888	0.0244246243005869	-0.238085256904253
ENSG00000100353.13	-0.0411905372501312	-0.124386484770524	-0.0240195728596938
ENSG00000188078.5	-0.387138274726516	-0.0970532797819306	0.799635089937967
ENSG00000229971.1	0.0157644488800414	0.258321677167959	-0.23421261669044
ENSG00000261675.1	-0.487618603294496	-0.00486804321517712	-0.560399683702269
ENSG00000166862.6	-0.927951079812959	0.162668201918552	0.286268819221141
ENSG00000234688.1	-0.0108851149475866	0.100264873730747	-0.0793090902879378
ENSG00000100360.10	-0.0468136773575524	-0.0304135756451269	0.0567379370263319
ENSG00000100362.8	0.311211512464734	0.324597025551437	-0.0521655493739746
ENSG00000234979.1	-0.162387564128708	-0.0862998713902024	-0.281527020092814
ENSG00000183822.2	0.0249268049858624	-0.0513687742889496	0.0264193917947694
ENSG00000100365.10	-0.0959544549433834	0.244485221860163	0.0183340893375098
ENSG00000100368.9	0.0210057232048834	0.0372024780803824	0.474510138131106
ENSG00000232254.1	0.211572630475946	0.0339266840587191	-0.0584877546676301
ENSG00000215403.1	-0.129540952331119	-0.0740231812403696	-0.22418025188835
ENSG00000185264.7	0.106633718097358	-0.133013470241464	-0.466221140186455
ENSG00000128311.9	0.0506650552964695	0.0778618210051011	-0.185525730105137
ENSG00000252412.1	1.48109770925574	0.376037669251504	-1.03492332935546
ENSG00000128309.12	0.0727718877225273	0.0144863779902285	0.0493431045997211
ENSG00000100379.13	0.0281517157337851	-0.0236157021459354	0.00718692824786613
ENSG00000201078.1	-0.00937993007908712	0.0317115938128992	-0.0777623666921868
ENSG00000187045.12	0.257276264334997	-0.0180592513473971	0.228240493923455
ENSG00000231467.2	-0.0912620184247635	0.416270521404859	-0.227831254547889
ENSG00000100385.9	-0.0153143982398806	0.10236363920249	-0.143783107940319
ENSG00000235237.1	0.497760511699467	0.38856427099027	0.086385220656299
ENSG00000133466.9	-0.260799921969301	-0.304394221909984	-0.189692016985037
ENSG00000183473.5	-0.00458251690243559	0.15864526781397	0.16850629089558
ENSG00000226233.1	-0.341948894686727	-0.520704967997242	0.755552891766493
ENSG00000128340.10	-0.0132865170301811	0.21369920797573	-0.0926032484342286
ENSG00000100055.16	-0.0251714513096844	-0.0574700086920243	0.171640450976124
ENSG00000243902.2	-0.420447405896602	-0.393387928987179	-0.455756107040788
ENSG00000237862.1	-0.0468543520679822	-0.77816274087483	0.0277123836870096
ENSG00000166897.10	-0.193331362434516	-0.010094482246738	0.0689972062563229
ENSG00000100060.13	-0.0139464285274781	0.0706703253888384	0.12472883951772
ENSG00000100065.10	-0.246534360866458	-0.0828071000949442	-0.175335026555414
ENSG00000225867.1	-0.137845144438564	-0.117837804911995	-0.0527496149792749
ENSG00000128283.6	-0.0785350002778102	-0.0630908333027116	0.608937906546902
ENSG00000100079.5	-0.131182502880205	0.664266219453194	0.494688184950014
ENSG00000100083.14	0.122717502605477	-0.319521047849437	0.264340031303451
ENSG00000100092.16	0.0634005925310255	-0.229978145169214	0.0834912968253766
ENSG00000233360.4	0.291754269217831	-0.373678894915975	-0.00821390059183967
ENSG00000241360.1	0.55270863910826	0.362450374013044	0.299368940591947
ENSG00000241333.2	0.880336607195698	0.241652578361302	-0.106399928290755
ENSG00000100097.7	0.206320915831313	-0.00216904462144255	0.110777354390928
ENSG00000100101.13	-0.166114797181874	0.1384032031409	0.193027996294609
ENSG00000100106.15	-0.205659730395241	0.147991259255325	-0.156894907475402
ENSG00000189060.4	-0.0134237766476506	-0.416350552900874	-0.241261450887886
ENSG00000100116.12	-0.125685288735286	-0.332809340659158	-0.474639329159811
ENSG00000128310.2	-0.0921075718942722	0.175680101819925	-0.718986215461975
ENSG00000100124.8	0.231655225578838	0.0575821172548868	-0.148849954518989
ENSG00000100129.13	-0.0987074105004922	-0.117136499425916	-0.0393773777957851
ENSG00000100139.9	-0.0938934935277522	-0.0709991247928303	-0.142799578896966
ENSG00000128346.6	-0.170890635070061	-0.249256751954423	-0.374282337640713
ENSG00000272582.1	0.440665598123824	-0.427005587328259	-0.120732162544013
ENSG00000100142.10	-0.144544519523131	0.0309812218133755	-0.231015472687412
ENSG00000100146.12	0.00680929082372896	0.114896304637798	0.343032932601041
ENSG00000222044.1	0.888211952978647	-0.0842009142612489	-0.0561092375993368
ENSG00000273214.1	-0.0721211852106864	-0.111257282389383	0.629412284290392
ENSG00000100151.11	0.257596131256103	0.0645948973625243	-0.268183409897703
ENSG00000233739.1	-0.556837770759984	0.228109023853211	-0.450809542043316
ENSG00000100156.6	0.190814191285089	0.294388835140465	-0.357841519006237
ENSG00000128298.12	0.658562319440454	-0.0230503119841377	0.120959648279339
ENSG00000272720.1	0.118686480466066	-0.470722576642634	-0.561325854852416
ENSG00000184381.14	-0.120253971566162	0.165851256313197	-0.277372252941476
ENSG00000185022.7	-0.0668067829464117	0.0993173334134348	-0.0852784794334587
ENSG00000198792.8	-0.090909788963306	0.132892585446558	-0.0778152958812874
ENSG00000235246.1	-0.846375147675862	1.02671504854567	0.187985340824774
ENSG00000241693.2	0.518252792376681	0.313024824515611	-1.14114961590373
ENSG00000213923.6	-0.145467105318467	-0.0451834404858892	0.08727234650692
ENSG00000244627.1	0.242604212408958	-0.161312330918273	-0.32519582060599
ENSG00000229955.1	0.766911690454526	0.887410522893783	0.385978680667983
ENSG00000228620.1	-0.0210774050101362	0.0100777624804151	-0.0388001551872693
ENSG00000168135.4	0.400870054879692	-0.737437487383008	-0.166344975078041
ENSG00000100196.6	0.387600051586232	0.107032818639187	-0.01701202106686
ENSG00000100201.14	-0.0979326252106172	0.121470445376358	0.362968244530945
ENSG00000100206.5	0.226123591529182	-0.124400506634104	-0.0115118607225414
ENSG00000184949.11	0.193202754632194	-0.0640399876016295	0.116301041224836
ENSG00000100211.6	0.259708451811261	-0.15317154142944	-0.010484825839211
ENSG00000230912.1	-0.16168864162241	-0.331163160605481	1.32034611543538
ENSG00000228274.3	-0.0673885911060021	-0.480121318608118	-0.0171713300213799
ENSG00000100216.4	0.232409187059548	-0.139912079696014	-0.0435295512938289
ENSG00000100221.6	0.207408660193578	-0.255318912156987	-0.0490365260146988
ENSG00000100226.11	-0.11088268995695	-0.0961814374831668	0.0158632634868498
ENSG00000229598.1	0.0617069537003461	-0.375274861477561	0.0589157800003298
ENSG00000100242.11	0.0766014641098959	0.0820592843309866	-0.0821280235658143
ENSG00000273096.1	0.174239951569463	0.172574182604226	0.000738958491921754
ENSG00000230149.2	0.455339944690346	-0.0436069401270045	-0.304184126127659
ENSG00000225450.1	0.39252083834034	-0.170757226486918	0.0195179120498403
ENSG00000272669.1	-0.0357815285000006	-0.0475032558855856	-0.0145758061674445
ENSG00000273076.1	-0.199742504193226	0.0931409777541534	-0.124894421462402
ENSG00000100246.8	-0.137587442852127	0.155442789536708	0.0810704886712429
ENSG00000221890.2	-0.24497075606412	0.0605649642730969	0.0155663566851967
ENSG00000183741.7	0.187328442257721	-0.0624761446336658	-0.151308953070796
ENSG00000235209.1	-0.126488033959249	1.03008593780205	0.536939717763825
ENSG00000128383.8	-0.031781991008195	0.0244501371457623	-0.0515426965393686
ENSG00000179750.11	-0.00162588272573279	0.362372434964904	-0.110528944569767
ENSG00000249310.2	-0.237996359617795	1.23041248377814	-0.394785049434453
ENSG00000244509.3	-0.0427060042856508	0.232722084001445	0.00833385477974724
ENSG00000243811.3	0.0435316980148074	-0.0870333457090557	0.0196271372902555
ENSG00000128394.12	-0.158643995085215	-0.0298551547359978	-0.00843563804714261
ENSG00000259421.1	-0.238384581169465	0.338399568071245	0.240995500053168
ENSG00000239713.3	0.0415716366915571	0.0824141641348311	-0.0483832997503284
ENSG00000225720.2	-0.0597826885836372	0.261894981830431	0.282328058516063
ENSG00000100298.11	0.264846353464924	0.00725348065260755	-0.142706702886946
ENSG00000100307.8	0.0118202778324024	0.107599303984587	0.0851435515198692
ENSG00000227009.1	-0.449989963312759	-1.0776559071936	0.879988668221478
ENSG00000100311.12	0.0811648244903218	-0.080861208569181	-0.139402791375534
ENSG00000224794.1	-0.163017815873396	-0.308977006546183	-0.589845847105218
ENSG00000100316.11	0.0725537437155616	-0.0805269752179309	-0.00382030198169408
ENSG00000209480.1	-0.470338768145589	-0.720922771225831	0.723636088361677
ENSG00000209482.1	-0.0315526575764859	-0.35432100006422	-0.587601976466029
ENSG00000100321.10	0.0346894520878869	-0.282561752844213	0.221050315623673
ENSG00000100324.9	-0.174022320305665	-0.258171734705142	0.23328722441653
ENSG00000128268.11	0.00539749837794194	-0.224133909239594	0.0557177768856898
ENSG00000227188.1	0.688329140186912	0.460099872714847	-0.282855589428174
ENSG00000100335.8	0.331308883573257	-0.142309060826229	-0.273157992494098
ENSG00000128272.10	0.117247363364079	-0.190049074567802	0.0500397104458666
ENSG00000187051.4	0.00455137075454257	-0.244571952325243	0.099990125254093
ENSG00000100346.13	0.17696263397175	-0.000572955682583433	-0.203121695134231
ENSG00000176177.9	-0.74987199987715	-0.79171230547144	0.801138347036832
ENSG00000235647.1	-0.13970020160466	-0.234736378320144	-0.045973671485156
ENSG00000226085.2	0.285225149516094	0.428671795132721	0.563529818213746
ENSG00000100351.12	-0.153257241782218	-0.22947105812666	0.0542599288182393
ENSG00000225528.1	-0.142370598640115	-0.228215627491838	-0.045363109326629
ENSG00000133477.12	0.0611864295454139	-0.08272831591429	-0.142806238275067
ENSG00000261202.1	-0.105621219339505	0.858792160201119	0.281542030660903
ENSG00000100354.16	-0.208267399328724	0.108821936207925	-0.026773458642541
ENSG00000228599.1	-0.887387871844719	1.84062602882823	-0.460981137707021
ENSG00000239900.7	0.0243588216636317	-0.0738007246653451	-0.257421947345293
ENSG00000100359.16	0.0907987361478675	-0.111612367812278	0.0149268639147511
ENSG00000229999.2	-0.050244802709604	-0.229817059458908	-0.594418511276871
ENSG00000196588.10	0.180129057573357	-0.158164136110948	0.0914869766929209
ENSG00000272834.1	1.43840554030831	-0.427104770492192	0.0802016223605506
ENSG00000227413.1	1.42877579106144	1.44980902705505	-0.169126456595186
ENSG00000232564.1	1.21896763918605	0.670447682650889	-1.73374874873542
ENSG00000230071.2	-0.180463535337896	-0.153728015743661	-0.347039536762524
ENSG00000231907.2	-0.330778215840408	-0.0492489204364847	0.954701668447987
ENSG00000128285.4	0.321871702884355	-0.118021912411431	0.0922142027218332
ENSG00000100372.10	0.0339007272997743	-0.215820671078462	-0.154126764376806
ENSG00000230769.1	-0.209557020448616	-0.234278280933933	-0.45366623594996
ENSG00000233603.1	-0.131157424867008	-0.0364987408089338	1.50901321422782
ENSG00000100380.8	-0.224927470308682	0.00940294591536301	-0.0771236821356843
ENSG00000196236.8	-0.246831929532259	0.0744844978931261	0.373876747274666
ENSG00000172404.4	1.1017386689971	-0.7750739489177	-0.599692633805546
ENSG00000100387.8	0.164056850939869	-0.00720159824420235	-0.0905990621213881
ENSG00000237214.2	0.608547356218221	-0.313066173901092	0.0831617082674779
ENSG00000213857.3	-0.727918619073157	-0.00596985503694262	0.301879884439861
ENSG00000100393.9	0.0663881581761085	-0.297007405187474	0.0188345178966305
ENSG00000232754.1	-0.175771683224221	-1.05852620800746	0.368760025601761
ENSG00000231993.1	-1.5491137116618	0.328690077874041	0.162075951353399
ENSG00000215771.2	0.0633145781628204	-0.346297198730019	-0.539827595734552
ENSG00000100395.10	0.0210788436449583	0.140582610618273	-0.249443000293289
ENSG00000235513.1	0.400803947282393	0.650104535170379	-0.103857118942984
ENSG00000100399.11	0.207520768642384	0.00193712468404502	0.293611579951831
ENSG00000100401.15	0.214141709567473	-0.137651730495239	0.168228267009706
ENSG00000100403.10	0.0953857819169157	0.0561109810154682	-0.0931552037899333
ENSG00000167074.10	0.0528546211718199	0.0579836037994337	0.133081723264464
ENSG00000273424.1	0.540214967344488	-0.160589080359445	-0.0611139001282727
ENSG00000183864.4	0.282859569402591	-0.105938197036746	-0.00471155801944163
ENSG00000100410.3	0.20554741219553	-0.101352942148479	-0.244961212869459
ENSG00000100412.11	-0.0157230662282926	0.0967800728226065	-0.213607029605567
ENSG00000100413.12	-0.402884040781285	0.233813605139229	-0.457849117150634
ENSG00000172346.10	-0.32225898056678	-0.16142479228104	0.213812260674684
ENSG00000100417.7	0.104326244571535	-0.2327139968393	-0.162871483735072
ENSG00000100418.7	-0.0705611772415725	-0.0268570138540073	0.220955055908999
ENSG00000196419.8	0.0446535293165903	-0.156924084111333	0.0607513797286956
ENSG00000100138.9	-0.154683903444984	-0.117087245405096	-0.0403864767874474
ENSG00000207457.1	-0.288620232443887	-0.643855388365337	-0.733344300881225
ENSG00000184208.10	0.0944534924805904	-0.0642111780501018	-0.19037606549523
ENSG00000167077.8	-0.0301087977702483	0.150623907582455	0.00670435191722946
ENSG00000231261.1	-0.138784233273184	-0.346010932443504	-0.497067450342946
ENSG00000100147.9	0.134482985201808	0.636109999627981	0.406832908145317
ENSG00000184068.2	-0.140833550805477	0.030485741301919	0.058462601069899
ENSG00000198911.7	0.229771523628669	-0.259318707260565	0.0587607450858536
ENSG00000234965.1	-0.0679189371442207	-0.0311964123975065	0.507608879344929
ENSG00000260655.1	-0.0249987198550911	-0.233301835190922	0.0077121824131578
ENSG00000263463.1	-0.398913992258778	-0.20417443437992	-0.768075737620354
ENSG00000159958.3	0.0166682526902722	-0.172486728933629	0.0197072993587351
ENSG00000100162.10	-0.0328382574127021	-0.132048464913109	0.000488293123281556
ENSG00000205704.5	-0.486344042490356	0.644428554446479	0.423831334780051
ENSG00000100167.15	0.324216553668402	0.394779057310694	-0.107504491527889
ENSG00000224883.1	-0.0270112982657359	-0.0381924023560646	-0.122407310167173
ENSG00000183066.10	0.270994098593073	-0.453196346014268	-0.425821449308235
ENSG00000215347.3	-0.927741382020444	1.06231831285314	0.378418592290178
ENSG00000198951.7	-0.0668095706851845	0.0411103753784279	0.298699174826026
ENSG00000177096.4	0.00459657908331679	-0.0598655437663681	0.0405293582148364
ENSG00000183172.8	0.438387731226754	0.455478724675868	0.195109410464641
ENSG00000184983.5	0.250230440446094	-0.0832016456964394	0.135359545719141
ENSG00000270083.1	0.910268745725359	0.236766054580043	-0.303299625945767
ENSG00000237037.5	-0.318008648572103	0.197671011687862	0.906092865970157
ENSG00000213790.2	-0.427714671406265	0.950906590126759	0.384697629490713
ENSG00000100197.16	-0.0133695300214856	-0.300916059887739	-0.0271331732296043
ENSG00000227370.1	0.559533793566831	-0.227237851525668	0.456841912306871
ENSG00000232710.1	0.790326641842323	-1.68943216805468	-0.52577221465132
ENSG00000205702.6	0.00316439727299879	0.108062559922847	0.124536649574356
ENSG00000226450.2	0.456093793894191	0.0811479945472495	0.139554247258109
ENSG00000100207.14	-0.110397851221433	-0.0481374990125555	-0.0487657713673604
ENSG00000182057.4	0.978307920314592	-0.416683801573307	0.143627267207984
ENSG00000233903.2	0.286345888966329	-0.247683061555638	-0.213560113573935
ENSG00000273366.1	0.427841156750162	-1.60843992920361	-0.813661310420495
ENSG00000229891.1	-0.398760959567688	-0.612454209471805	0.234022567108119
ENSG00000235568.2	0.0744711254902841	-0.106108550765534	0.0274354159770176
ENSG00000230107.1	-1.20973052612636	-0.925515439104086	0.200924617516758
ENSG00000172250.10	-1.12244867213019	0.582829491197933	0.253340876376164
ENSG00000189306.6	-0.0548062700866579	-0.559121191651185	0.161770793768334
ENSG00000265106.1	0.152171174401904	-0.0862025742771266	-0.115533931254176
ENSG00000183569.13	0.850257297526134	0.395606572890612	-0.291197675901406
ENSG00000182841.8	0.0410887694946517	-0.154495662098368	-0.196957256261345
ENSG00000202058.1	-0.0392321572833963	0.428218159549269	-2.52430591263683
ENSG00000100227.13	0.19967520485739	-0.061925318375707	-0.00166976554617545
ENSG00000270022.2	1.37783782859144	-0.152368274086346	-0.828386505751201
ENSG00000100243.16	0.254723443267031	-0.169533591374956	0.200289530839246
ENSG00000249222.1	-0.693252408539774	-0.231505474809768	1.14325373944383
ENSG00000128274.11	0.000539131176867762	0.00640430658358738	1.05941288644474
ENSG00000234009.1	-0.438551327334076	0.46587248653369	0.118631863932344
ENSG00000229608.1	-0.0642859870089704	-0.041302672400992	-0.920799906050798
ENSG00000242247.6	-0.119765073123585	0.370792139419893	0.0277135859135667
ENSG00000226989.1	-0.460770631426065	0.632953253889715	-0.650059062291408
ENSG00000100266.13	0.181727426331323	0.168544555380283	0.163552463919747
ENSG00000230319.1	0.802186078987862	0.901382665783625	0.305729944685896
ENSG00000100271.12	-0.0970089607901551	-0.317348272362882	-0.333357995710989
ENSG00000234735.1	-0.0785125577974962	-0.0308731463205999	-0.281110754652883
ENSG00000100290.2	-0.00958608194701712	0.0373213675297469	-0.0366675588288057
ENSG00000100294.8	-0.90526068412693	0.0463021674210501	-0.208720572510246
ENSG00000100300.13	0.329991965016399	-0.265094555641593	0.12563945141625
ENSG00000100304.12	-0.228873148161836	-0.104520222936285	-0.112599496271698
ENSG00000159307.14	-0.111874454300272	0.0117216610289725	0.352807627160999
ENSG00000236272.1	-0.0863688002952098	0.0384999862837522	-0.146206254597519
ENSG00000234892.1	-0.0213913405588745	0.10628464467629	0.0495696020416181
ENSG00000203527.2	-0.0708850390857705	-0.0612709260168136	0.61033618852754
ENSG00000236117.1	-0.0432919919822921	-0.0181729684994846	0.0365920699610894
ENSG00000186732.9	-0.0857479703712419	-0.431352077525237	0.192420414309352
ENSG00000223843.3	-0.130872041166694	-0.0182880484943376	1.26385633948908
ENSG00000186976.10	-0.64726376903906	0.0257321869789542	0.997809880420195
ENSG00000233157.1	-0.0297013949399512	-0.0805416567426547	-0.171401115089262
ENSG00000261251.1	-0.463430445720006	0.946182344546368	0.712270206257721
ENSG00000130540.9	0.185670920091774	0.852261524751207	0.358969716043065
ENSG00000100341.7	-0.0536113985393689	-0.108891042529609	-0.177553580220263
ENSG00000100344.6	0.0525592141151202	0.197627307810883	-0.0146241905879132
ENSG00000100347.10	-0.270188643048132	-0.0362677816748829	0.161924368077056
ENSG00000224856.2	-0.357493962175758	-0.982524391525136	0.668513212397147
ENSG00000188677.10	0.440201147298217	-0.00328858153678109	0.242813618069204
ENSG00000138964.12	0.0736952302439279	0.35323347441861	-0.106130550987791
ENSG00000138944.7	-0.00664168405498867	0.991544757771258	0.0787295130257201
ENSG00000220702.1	-0.109669254545854	0.100705270763701	-0.0561170291880236
ENSG00000236079.1	-0.0532484596763449	0.0615748714644439	-0.206037382952396
ENSG00000232655.1	-0.0255346794791188	0.0919913498310843	-0.0153985364773554
ENSG00000228807.1	-0.431458493358784	1.52880073602026	-0.361838762860968
ENSG00000188636.3	-0.105925647985961	0.414940453370267	-0.0524402750465993
ENSG00000215333.3	-0.150369744917545	-0.176654441882755	-0.0758098194642783
ENSG00000187012.6	-0.0759693779014629	0.0776023098965839	-0.0722354274479377
ENSG00000234300.1	-0.0195546705289821	0.129139907319369	-0.115429921090426
ENSG00000231801.2	-0.0210622520794155	0.0916813205019842	-0.0706931869654728
ENSG00000186654.16	-0.0199695990322275	0.219537997311838	0.118893678881245
ENSG00000241484.5	-0.133110706889786	0.265256969567732	0.136760670981756
ENSG00000056487.11	0.966105906009875	-0.163364842293198	-0.682181301227283
ENSG00000223730.1	0.328726690109002	0.157337629983831	-0.202884766249767
ENSG00000230922.1	-0.0233330401329171	-0.15752334030087	-0.063769988612455
ENSG00000226328.2	-0.247158376099798	-0.394012963648434	-0.17694814612869
ENSG00000273243.1	-0.756322324429	-5.28748238354422e-05	-1.33943705599919
ENSG00000093000.14	0.0573537428243175	0.00928465593574791	0.0998455362144858
ENSG00000273353.1	0.0586337400218668	0.692161370435282	0.508192622630399
ENSG00000100364.14	-0.0227828243843794	-0.00918494978756725	0.0825457296727267
ENSG00000273287.1	-0.101230058157849	-0.250268847960848	0.896653365024363
ENSG00000213752.3	-0.111874775073454	0.0227648119381884	-0.0431808186454468
ENSG00000100373.5	0.208655847033912	-0.406102048088046	-0.13137810961376
ENSG00000100376.7	-0.117940567877208	-0.928903659488291	-0.09126603744702
ENSG00000077935.12	-1.20070234420201	-0.697342037708792	-0.248093652375708
ENSG00000128408.7	0.449379366075555	0.186603530331025	0.115485529953114
ENSG00000232363.1	-0.0822675277602137	-0.127942171406092	0.58790500308154
ENSG00000077942.13	0.0238840076194011	0.0103693292141904	-0.011418723545878
ENSG00000238120.1	-0.0671659749087261	-0.0331890016703307	-0.0555759321683637
ENSG00000130638.11	0.0777977928347808	-0.00485518819260847	0.0938935239699194
ENSG00000235347.1	-0.0509035479411394	-0.335549257368418	-0.112525389847246
ENSG00000235091.1	-0.234116608558538	-0.446236430314448	0.599440289277787
ENSG00000188064.5	-0.715210066259207	-0.453617616096924	0.295715126524886
ENSG00000273145.1	1.16214531549188	-0.218994704366125	-0.23932876318968
ENSG00000231711.2	-0.804414259066496	-0.438954340963884	0.298151458789234
ENSG00000182257.5	-0.521234759309802	-0.332588188796807	-0.133246438450999
ENSG00000273289.1	-0.480081898198454	-0.488829357769201	0.171888446071206
ENSG00000241990.1	0.0791048309704271	0.0659183404092828	-0.373202757565918
ENSG00000231010.1	0.601369283569768	-0.151175333931741	-0.758289454206662
ENSG00000235159.1	-1.00396021499409	-0.424077402345928	-0.359205993250847
ENSG00000197182.8	-0.326869874649963	0.173037307012354	0.119872761845184
ENSG00000186951.12	-0.0204683878039887	0.0785823120600773	0.0323241197901786
ENSG00000205643.6	0.2381001914999	-0.0736660649916798	-0.00508046925201091
ENSG00000130943.5	0.557937083425611	-0.297488189669818	-0.990074864608669
ENSG00000075234.12	0.050915146765704	0.55394144665562	-0.428672118780867
ENSG00000075218.14	0.0158879504418574	-0.0812212993692562	0.11238729070938
ENSG00000100416.8	0.462412353037195	0.0856188740413613	-0.326142713404608
ENSG00000075275.12	0.125043313496672	-0.581426312726918	0.00854821452904592
ENSG00000234869.1	-0.60722112126185	0.924139766849644	-0.301312229358592
ENSG00000075240.12	-0.0789945893216174	-0.0933989963489594	0.231575898381444
ENSG00000100422.9	0.195488444864424	0.0978167923206901	-0.0978733021400994
ENSG00000260708.1	0.694215646135086	0.158448590859806	0.020665503233687
ENSG00000054611.9	-0.0296645491792207	0.0427853268957173	-0.0267836640201542
ENSG00000224715.1	0.202126672331577	0.999722842476877	0.591675974797972
ENSG00000218357.3	-0.68032708963102	0.683953292655044	-0.249069489363156
ENSG00000205634.2	-0.0647470247985816	0.141888194618515	-0.137607111924144
ENSG00000224271.1	-0.0365324721599231	0.0355772837936664	-0.0987272030009133
ENSG00000232897.2	0.0321754123220612	0.0913791359396422	-0.141936872338279
ENSG00000230345.1	-0.0158134689847527	0.0787217288734264	-0.135069259439491
ENSG00000235154.1	-0.0176115329810614	0.0809741019620629	-0.145493942963537
ENSG00000233179.1	0.00322761588759913	0.070037696594369	-0.126514470103013
ENSG00000219438.4	0.321591660163716	0.255252226879251	-0.138601268336658
ENSG00000219016.3	-0.12927400020384	-0.0192074216084917	-0.138377232963037
ENSG00000205632.2	-0.159349502274799	-0.0590749557616037	-0.0698051305811777
ENSG00000188511.8	0.115073416217012	0.433201403513021	0.256583643346877
ENSG00000212939.2	-0.601022893955401	-1.33126952755935	-1.5467875129936
ENSG00000213279.2	-1.01697896844927	-0.384383580490139	0.295006188429484
ENSG00000235111.1	-0.452062497068807	0.361901736998571	0.209049281502531
ENSG00000226954.1	0.833445895917858	0.071604424070721	-1.20875207371629
ENSG00000223142.1	-0.0994237791670727	1.08438892949876	-0.249390571810475
ENSG00000214727.2	-0.188081617396274	0.0900899592472947	-0.284520552390388
ENSG00000100425.14	-0.100487596245631	-0.0437335691874677	0.160918184966541
ENSG00000236867.1	0.683048475408831	1.44585638465295	1.21172791076667
ENSG00000260613.1	1.22604863876303	0.0732409094296882	1.09910776701071
ENSG00000229409.1	-0.830638450126582	0.032283122922852	-0.0741025675704204
ENSG00000100426.6	0.520472490415285	-0.147153117887153	-0.232908268923505
ENSG00000182858.9	0.260908982469566	0.227901068895613	-0.191058053772491
ENSG00000273192.1	-1.27010226027058	-0.0321401272211217	0.164064001990703
ENSG00000184164.10	-0.558209729332737	-0.200827848569341	0.270917427130135
ENSG00000198355.4	0.249083291039046	0.0367562868492801	-0.0484756829037703
ENSG00000188263.6	-1.39520749195662	0.44818339634877	0.0206595098408275
ENSG00000138892.7	-0.198328965992565	0.47808498920817	-0.540931150205391
ENSG00000100427.11	-0.00457294752761806	-0.0223709943589792	0.0320263908304069
ENSG00000073146.11	-0.065203670676211	0.450806591913024	-0.121030752108759
ENSG00000073150.9	-0.0479443607242019	0.0999441589018622	0.0238479003703256
ENSG00000170638.5	0.189159560710859	0.425250509646181	-0.0641499528226364
ENSG00000273188.1	0.0495526543720605	-0.0127019715350515	0.145933755173913
ENSG00000273253.1	-0.0369018025372385	0.174403313768661	0.28343845319759
ENSG00000073169.9	0.0965408008337593	0.22555487398704	0.0125195118918915
ENSG00000272836.1	0.0517149174135442	-0.224409048703066	-0.398363532392942
ENSG00000273137.1	-0.118191578665014	-0.505567732607291	0.103824226626276
ENSG00000128159.7	-0.0815221570390734	-0.0960169624576818	0.0409329366161892
ENSG00000100429.13	-0.140032842743489	-0.160539314393205	0.0879454393843366
ENSG00000188130.9	0.0969659731897548	-0.161485608122955	0.047310373121106
ENSG00000185386.10	-0.31035359437441	-0.0275698849741088	-0.00572798894789734
ENSG00000196576.10	-0.130951820782298	-0.0733142112806346	0.0315303146847019
ENSG00000205593.7	0.0014923442730532	-0.295225747475156	0.18458834116621
ENSG00000227484.1	-0.372179438989527	-0.312721288529817	-0.438294891587421
ENSG00000100239.11	-0.123189775593531	0.169040433991048	0.0269769835102824
ENSG00000242463.2	0.00728469835168341	-0.366053391235681	-0.194400219019643
ENSG00000100241.16	0.0441506105777521	0.253072247116945	0.0936282313521343
ENSG00000128165.7	0.0803474731494688	-0.145871803668113	-0.0174395130868722
ENSG00000100253.8	-0.805079950094245	-0.010490780603264	0.249227034232911
ENSG00000100258.13	-0.0348287226759553	-0.157991402969268	-0.200110967801189
ENSG00000025770.14	0.0507945369577174	-0.722061148344149	-0.123009637107823
ENSG00000130489.8	-0.933604882930203	0.260011245547736	-0.104225466753268
ENSG00000272821.1	-0.544069109186542	-0.139887053508449	-0.0425139166656011
ENSG00000025708.8	-0.316622667161187	-0.131999299211525	0.32029988115702
ENSG00000177989.9	-0.57528857555221	-0.203021103727662	0.255123574089748
ENSG00000272666.1	-0.0730375282386502	0.278790413379341	-0.106733905276141
ENSG00000273272.1	1.0303279155506	0.119463025911577	0.192354740995771
ENSG00000226738.1	-0.076598445349902	0.00659664095189105	-0.397422949973408
ENSG00000130487.4	-0.138210203573807	0.18751739239481	0.186575064545603
ENSG00000217442.3	-0.246787870944826	0.657679471431646	-0.276171245841465
ENSG00000205560.8	-0.225046259154772	-0.214428494752771	0.289053025094566
ENSG00000100288.15	-0.115528998281324	-0.342776269347049	0.133051527069601
ENSG00000205559.3	2.25453371221099	1.13383773975464	-0.172933607332501
ENSG00000272940.1	0.0590887556280494	-0.619141833646419	1.1592105420368
ENSG00000008735.10	0.223686278490219	-0.234721967399596	0.0758445671735533
ENSG00000100299.13	0.147581100317282	0.145804360637482	-0.58643303689194
ENSG00000212569.1	-0.027867705692855	0.208163449578295	-0.10951172479938
ENSG00000251322.3	0.014814949513812	0.0229346145431611	-0.294258742440723
ENSG00000225929.1	-0.0879040711558712	-0.355272775865575	-0.293866754922933
ENSG00000100312.6	-0.420337923218654	-0.334867460391429	-0.047280219145861
ENSG00000254499.1	-0.0233244599018686	0.212860063163112	-0.141059681921252
ENSG00000213683.3	-0.294962430800141	-0.0803109669645063	-0.557551489451971
ENSG00000184319.11	0.604571668897381	-1.15349862060367	0.171066818968655
ENSG00000079974.13	0.156210395539134	0.0429664149012905	-0.145432057974575
