alpha	lambda	data.name	mse_avg	mse_sd	rsq_avg	rsq_sd	rho_avg	rho_sd	pred_perf_R2	rho_zscore	pred_perf_pval
0	16	ENSG00000006747.10	0.205310542012089	0.0786084582903235	-0.101857071928259	0.0673074800150601	0.124611469269132	0.256513937487783	0.0747474783863497	1.36846469599761	0.0855833327003745
0	13.7159037256492	ENSG00000006747.10	0.205287092103255	0.0785859334130618	-0.10176149007875	0.0672581101339066	0.124582936663206	0.25649614988804	0.0747321555242774	1.36814981632743	0.0856325930585205
0	11.7578759382048	ENSG00000006747.10	0.205260127878032	0.0785598834860129	-0.101651997264773	0.0672027965661872	0.12454985371779	0.256475542001453	0.0747143993415681	1.3677848785103	0.0856897111619865
0	10.079368399159	ENSG00000006747.10	0.205229195799051	0.0785297986932169	-0.101526951242068	0.0671413287361795	0.124511231832594	0.256451445291478	0.0746936562653493	1.3673587561511	0.0857564416318938
0	8.64047791113845	ENSG00000006747.10	0.205193807807491	0.0784951124695061	-0.101384636208259	0.0670737016521875	0.124466149513835	0.256423286889871	0.074669434228265	1.36686135517172	0.0858343834809695
0	7.40699769829832	ENSG00000006747.10	0.205153449417194	0.0784551965383565	-0.101223331857876	0.067000256539154	0.124413112307249	0.256390436869487	0.0746410730202898	1.36627620883613	0.0859261427331868
0	6.3496042078728	ENSG00000006747.10	0.205107578240645	0.0784093534978964	-0.101041322764403	0.0669217649840611	0.124351955154338	0.256353369466215	0.0746087537837198	1.36560259218194	0.0860318662597765
0	5.44316000069751	ENSG00000006747.10	0.205055683717742	0.0783568522650036	-0.100837203274363	0.0668397329425097	0.124279570817132	0.256309023423771	0.074570295662093	1.36480434685602	0.0861572761142337
0	4.66611615830447	ENSG00000006747.10	0.204997247794888	0.0782968933633382	-0.10060972007624	0.0667565414794173	0.124194754737157	0.256257298607994	0.0745253598851025	1.36386904198485	0.0863043928999305
0	4	ENSG00000006747.10	0.204931813066947	0.0782286466724779	-0.10035812314906	0.0666758131806532	0.124095319537267	0.256196979576594	0.0744728514408093	1.36277257776276	0.086477098020125
0	3.42897593141229	ENSG00000006747.10	0.204859011405875	0.0781512649923088	-0.100082329138858	0.0666027780303133	0.123978681867801	0.256126659288346	0.0744114925960651	1.36148649887778	0.0866799986457879
0	2.9394689845512	ENSG00000006747.10	0.204778609980451	0.0780639111955544	-0.09978316439134	0.0665447142415449	0.123841790681136	0.256044714182132	0.074339795213659	1.35997720884896	0.0869185681280691
0	2.51984209978975	ENSG00000006747.10	0.204690564917708	0.0779657944356081	-0.0994626371805034	0.0665114381017791	0.123681044380425	0.255949279096337	0.0742560308619737	1.35820506405495	0.0871993120823108
0	2.16011947778461	ENSG00000006747.10	0.204595080594005	0.0778562160907573	-0.0991242240479324	0.0665158100798002	0.123492196678552	0.255838224042923	0.074158199833787	1.35612334660227	0.0875299628742104
0	1.85174942457458	ENSG00000006747.10	0.204492670812501	0.0777346252729021	-0.0987731454907505	0.0665741989477389	0.123270252177064	0.255709136082916	0.0740440011204409	1.3536771284027	0.0879197040501393
0	1.5874010519682	ENSG00000006747.10	0.204384216101002	0.0776006824086148	-0.0984165955576931	0.0667068138202808	0.123009354665333	0.255559311274444	0.073910806756343	1.3508020610395	0.0883794238508649
0	1.36079000017438	ENSG00000006747.10	0.20427100932301	0.0774543275852397	-0.0980638800648267	0.0669377800919346	0.122702674310536	0.255385763961227	0.073755645873611	1.34742316108617	0.0889219926609129
0	1.16652903957612	ENSG00000006747.10	0.204154780192182	0.0772958481271738	-0.0977264119657744	0.0672948087279431	0.122342304692579	0.255185263531794	0.073575206368904	1.34345371304299	0.089562552176044
0	1	ENSG00000006747.10	0.204037688733742	0.0771259374794083	-0.0974175135133428	0.0678083047655255	0.121919187468493	0.254954411989221	0.07336586524647	1.33879448633627	0.0903187931200106
0	0.857243982853073	ENSG00000006747.10	0.203922278919232	0.0769457353920633	-0.0971519868703786	0.0685097998061815	0.121423091578158	0.254689778593054	0.0731237621561988	1.33333356095041	0.0912111823943803
0	0.734867246137799	ENSG00000006747.10	0.203811387146905	0.0767568382958908	-0.0969454401709627	0.0694296913263674	0.120842685014572	0.254388109112025	0.0728449335733632	1.32694717379002	0.092263078967058
0	0.629960524947437	ENSG00000006747.10	0.203708091865574	0.0765613429946382	-0.0968137612450255	0.0705945880866221	0.120165474405757	0.254047026346689	0.0725256436751964	1.31949906628231	0.0935011610365901
0	0.540029869446153	ENSG00000006747.10	0.203615335210143	0.0763614148026852	-0.0967716945064394	0.0720244976433313	0.119381367178718	0.253662865980708	0.072162275449252	1.31087907178829	0.0949493112516804
0	0.462937356143645	ENSG00000006747.10	0.203535807716045	0.0761598759962975	-0.0968303164176192	0.0737283519581192	0.118475124093167	0.253236632990107	0.0717522680882407	1.30092199700579	0.096642577931289
0	0.39685026299205	ENSG00000006747.10	0.203471708416397	0.0759589952653492	-0.0969984789055417	0.0757060861475145	0.117436244310728	0.252770951962339	0.0712951102181612	1.28951520302644	0.0986095172127995
0	0.340197500043594	ENSG00000006747.10	0.203425003334001	0.0757618514812886	-0.0972812694934803	0.077941132997408	0.116259626134311	0.252273935800736	0.0707942254848441	1.27661203204263	0.10086962593754
0	0.291632259894029	ENSG00000006747.10	0.203396958774557	0.075570554176971	-0.0976803932678746	0.0804072781419616	0.114936023803534	0.251745939332578	0.0702487057411642	1.26209940529948	0.103456509623053
0	0.25	ENSG00000006747.10	0.203388202164292	0.0753867667115678	-0.0981938136957985	0.0830685989181801	0.113462786706738	0.251190587129626	0.0696608439235325	1.24594680219034	0.106391963072767
0	0.214310995713268	ENSG00000006747.10	0.203398284245308	0.0752116704435586	-0.0988134440314464	0.0858823993175147	0.111846657279948	0.250618808751407	0.069038483314675	1.22822454714594	0.109681343151624
0	0.18371681153445	ENSG00000006747.10	0.203426302889329	0.0750457516948634	-0.0995292835316978	0.0888032286243106	0.110098893988487	0.250036647894145	0.0683882592186144	1.20904565273566	0.113322653389647
0	0.157490131236859	ENSG00000006747.10	0.203470832609729	0.0748888625940103	-0.100329229366492	0.091786614394927	0.108236907161998	0.249446396592533	0.0677163823676942	1.188585643806	0.117301379952988
0	0.135007467361538	ENSG00000006747.10	0.203529705449994	0.0747404555747751	-0.101197676797022	0.0947905404497372	0.106292080093743	0.248840807858583	0.0670275791807956	1.16716661337649	0.121571545446493
0	0.115734339035911	ENSG00000006747.10	0.203600680824254	0.0746001767006293	-0.102117182171828	0.0977800738321436	0.104284994959653	0.248209764074973	0.0663226384576733	1.14498670024063	0.1261073333713
0	0.0992125657480125	ENSG00000006747.10	0.20368154696705	0.0744654007611786	-0.1030773814482	0.100721177614402	0.102238612294754	0.247565156544921	0.0656123899055573	1.12231216191528	0.13086486845302
0	0.0850493750108986	ENSG00000006747.10	0.203774663299818	0.0743371768699643	-0.104086558338885	0.103581786667496	0.10012585235089	0.246818975496371	0.0648528323075625	1.09876643255628	0.135934978640534
0	0.0729080649735073	ENSG00000006747.10	0.203869012564749	0.0742121073448461	-0.105085686393736	0.106364278251078	0.0980363867219076	0.245947670233782	0.0640523639655699	1.07530630621887	0.141118806882888
0	0.0625	ENSG00000006747.10	0.203965385181156	0.0740916431083962	-0.106073289632009	0.109055706290103	0.0959565949574326	0.244911115700488	0.0631909772501168	1.05176454840452	0.146453793967855
0	0.0535777489283171	ENSG00000006747.10	0.204065964134963	0.0739757840103373	-0.107063866299429	0.111632231969058	0.0938674195673019	0.243695284354919	0.0622597449113663	1.02795580647728	0.151985308278665
0	0.0459292028836125	ENSG00000006747.10	0.20415590456251	0.0738582276434919	-0.107973430785312	0.114047962087646	0.0917832062952907	0.242144542997277	0.061194738690868	1.00388859008987	0.157716158401187
0	0.0393725328092148	ENSG00000006747.10	0.204244543608331	0.073750683692377	-0.108845715860898	0.116392788222541	0.089724794806931	0.240336808577053	0.0600361422044484	0.979879878644413	0.16357270816328
0	0.0337518668403846	ENSG00000006747.10	0.204323777844468	0.0736439429286111	-0.109641942818742	0.118579954836749	0.0876112518809395	0.238120677905684	0.0587070429777817	0.954921834688701	0.169808613471477
0	0.0289335847589778	ENSG00000006747.10	0.204391050665374	0.0735417830320462	-0.110343813323863	0.120660907572401	0.0855351330045864	0.235574380627859	0.0572620189054918	0.93010157273493	0.17615924828207
0	0.0248031414370031	ENSG00000006747.10	0.204450501309943	0.073450726386821	-0.110961898801192	0.12260082269825	0.0834069351884837	0.232596010021822	0.0556475303278003	0.904356506023692	0.182903196573292
0	0.0212623437527246	ENSG00000006747.10	0.204496948576781	0.0733637962888489	-0.111484108571169	0.124443009265214	0.0813168171473064	0.229276408576481	0.053923329127725	0.878760732324852	0.189765510756896
0	0.0182270162433768	ENSG00000006747.10	0.204532760434379	0.073288449687351	-0.111904287231913	0.126166805218235	0.0792172571445984	0.225657330040857	0.0521044813705647	0.852839974527469	0.196874026301833
0	0.015625	ENSG00000006747.10	0.20456037037642	0.0732271278195295	-0.112239408855037	0.127808094729942	0.0771776704594166	0.221795226698169	0.0502302031450252	0.827425305134569	0.203998021317041
0	0.0133944372320793	ENSG00000006747.10	0.204585722045631	0.0731831331986472	-0.11252016769535	0.129385724327006	0.0752139567281995	0.217805567134854	0.0483524778541533	0.802792059230395	0.211047466313657
0	0.0114823007209031	ENSG00000006747.10	0.204610725895909	0.0731593337653818	-0.112756971415552	0.130937757870865	0.0733955561236983	0.213838021254995	0.0465409370595334	0.779812662193681	0.217750576072496
0	0.0098431332023037	ENSG00000006747.10	0.204645516943444	0.0731591740911311	-0.113002507757146	0.132459438279526	0.0717097195367132	0.209940409069556	0.0448097617002972	0.758398407875332	0.224106255364368
0	0.00843796671009615	ENSG00000006747.10	0.2046935804806	0.0731844231994299	-0.113283575164313	0.134027562357816	0.0701949426237793	0.20632707927006	0.0432411072460579	0.739098572011153	0.229923571954447
0	0.00723339618974446	ENSG00000006747.10	0.204766946232196	0.073246748152057	-0.113651050341659	0.135636254257316	0.0688376564682807	0.202995442262923	0.0418250575696127	0.721715547486142	0.235234690621499
0	0.00620078535925078	ENSG00000006747.10	0.204878364173757	0.0733482771291448	-0.114189212366024	0.137365420603348	0.0675977712049297	0.200092869379695	0.0406028994108138	0.705920510861755	0.240118785741751
0	0.00531558593818116	ENSG00000006747.10	0.205022458182896	0.0734876095167737	-0.114871980629806	0.139256910811647	0.0665961060090724	0.19772137317842	0.0396194086059755	0.692997321319277	0.244155616270299
0	0.00455675406084421	ENSG00000006747.10	0.205211307481646	0.0736666445298112	-0.115767674478777	0.141319950151392	0.0657321742350614	0.195791804327843	0.0388217063074254	0.681785874473366	0.247687178729026
0	0.00390625	ENSG00000006747.10	0.205452672221429	0.0738958503610171	-0.116919708440075	0.143624758544831	0.065007638440591	0.194387080358379	0.0382336963648521	0.672336102068883	0.250684875700835
0	0.00334860930801982	ENSG00000006747.10	0.205754266598124	0.07417854113083	-0.118373329015835	0.146199908279158	0.0643605675281344	0.193468487359859	0.0378293326937244	0.66392477867813	0.253369228116582
0	0.00287057518022578	ENSG00000006747.10	0.206114214013818	0.0745113197315245	-0.120137310049258	0.149101347645017	0.0638376894138067	0.193079883270796	0.0376271077811713	0.657090641069585	0.255561318149611
0	0.00246078330057593	ENSG00000006747.10	0.206538777712674	0.0749024004217551	-0.122239922445434	0.152345501502263	0.0633830161396399	0.193115909165596	0.0375817856705271	0.651155658345405	0.257473005337985
0	0.00210949167752404	ENSG00000006747.10	0.207029323184036	0.0753497377211662	-0.12470306101396	0.155970455304472	0.0629910694997407	0.19359085853972	0.0376975532958526	0.646061726076326	0.25911969054685
0	0.00180834904743611	ENSG00000006747.10	0.207586633817058	0.0758551553382774	-0.127540621991396	0.16000962216214	0.0626698389109055	0.194433834242165	0.0379515730174175	0.641883479702185	0.260474420740194
0	0.0015501963398127	ENSG00000006747.10	0.208215483704038	0.0764274473538911	-0.130778939114967	0.164504378841263	0.0623424047235223	0.195725620942728	0.0383642422507863	0.637743858207605	0.261820215363778
0	0.00132889648454529	ENSG00000006747.10	0.208895703049629	0.0770407086017556	-0.134337133619043	0.169371106353965	0.0622926770253484	0.196960815526918	0.03879458417871	0.636811047861309	0.262123964477354
0	0.00113918851521105	ENSG00000006747.10	0.209657328578986	0.0777407649292627	-0.138348174354541	0.174776938984769	0.0621432443793175	0.198745064780616	0.0394114235191738	0.634843597749389	0.262765212813895
0	0.0009765625	ENSG00000006747.10	0.210477305352237	0.078503481126251	-0.142713811995422	0.180639171464877	0.0622972682374172	0.200458008958742	0.0400460216499776	0.636349023423959	0.262274479391259
0	0.000837152327004954	ENSG00000006747.10	0.211369927419758	0.0793541714542665	-0.147494427420519	0.187025080757294	0.0624417054421188	0.202598334715321	0.0408404432849994	0.63781710724175	0.261796371079
0	0.000717643795056445	ENSG00000006747.10	0.212318874339744	0.0802825110849439	-0.15261351413177	0.19388159297132	0.062924616668656	0.204654791512265	0.0416547327029331	0.643147998112373	0.260064036120995
0	0.000615195825143981	ENSG00000006747.10	0.213337327927313	0.0813171144279741	-0.158119370694104	0.201272097512245	0.0634894526209294	0.207102265317011	0.0426331240635989	0.649457649707436	0.258021305829767
0	0.000527372919381009	ENSG00000006747.10	0.214404127804551	0.0824468876792795	-0.163904692041234	0.209108542057364	0.0644591443451946	0.209476454611379	0.0436473278226124	0.660388770470191	0.254502188304979
0	0.000452087261859029	ENSG00000006747.10	0.215533885895241	0.0837055679956931	-0.170021602116778	0.217466414327318	0.0656114727794547	0.212265031674831	0.0448556646650145	0.673454951282664	0.250328949577103
0	0.000387549084953174	ENSG00000006747.10	0.21670057018124	0.085079883428295	-0.176339532825373	0.226255980868838	0.0672522000308903	0.215074603145955	0.046154234835546	0.692142286214913	0.244423989191482
0	0.000332224121136323	ENSG00000006747.10	0.217922587945922	0.0866010613485607	-0.182923632312131	0.235509771656895	0.0691408610335449	0.218310159791138	0.0476738519456889	0.713776085846415	0.237682824700803
0	0.000284797128802763	ENSG00000006747.10	0.219175407341924	0.0882603862529283	-0.189644925590123	0.245143676231256	0.0715489210519447	0.221642159587082	0.0493319703194803	0.741487252955502	0.229199028928094
0	0.000244140625	ENSG00000006747.10	0.220471877981332	0.0900787684177648	-0.196553850565411	0.255188838359029	0.0742663658247869	0.22544221510021	0.0512572662071815	0.773004927026796	0.219759732370795
0	0.000209288081751239	ENSG00000006747.10	0.221793061201609	0.0920433382813771	-0.203553363833479	0.265587202518522	0.0775016042433793	0.229443016500113	0.0533861866989012	0.810771186896335	0.208748541968579
0	0.000179410948764111	ENSG00000006747.10	0.223126900967482	0.0941232639317806	-0.210606080748359	0.276287202751125	0.0810439970206851	0.233901470958076	0.0558070377578053	0.852578042251029	0.196946671778275
0	0.000153798956285996	ENSG00000006747.10	0.224495414932648	0.0963521342422596	-0.217798006002176	0.287336243318626	0.0850316552219784	0.238656665705916	0.0584916860670684	0.900069280669789	0.18404169135715
0	0.000131843229845252	ENSG00000006747.10	0.225858096945769	0.0986844876844763	-0.224957331084841	0.298639256413849	0.0893018624282287	0.243667364615663	0.0614112287540183	0.951623759436863	0.17064391371466
0	0.000113021815464757	ENSG00000006747.10	0.227315540519019	0.101282839323529	-0.232510102163474	0.310520262166637	0.0937880142003212	0.248888251664891	0.0645470172427651	1.00656021388454	0.157073080962713
0	9.68872712382935e-05	ENSG00000006747.10	0.228799524720177	0.103994410674468	-0.24022141564851	0.322715974094763	0.0983780779450623	0.25418792674025	0.0678285981106207	1.06365475183006	0.143742564707019
0	8.30560302840807e-05	ENSG00000006747.10	0.230345125647268	0.106856353709397	-0.248254361886625	0.335368000481632	0.102977724512534	0.259452297644588	0.0711883570235296	1.12179837809373	0.130974088000281
0	7.11992822006907e-05	ENSG00000006747.10	0.231948090059104	0.109838264470258	-0.256620800692371	0.348420924494176	0.107475244625388	0.264515354927176	0.074522463900312	1.17955613143576	0.119088399659745
0	6.103515625e-05	ENSG00000006747.10	0.233609774212514	0.112893318107969	-0.265372085004152	0.361797844415488	0.111763189458639	0.269225904449423	0.0777253393819165	1.23545103004743	0.108331345459685
0	5.23220204378097e-05	ENSG00000006747.10	0.235331646216188	0.115985618806581	-0.274548537259847	0.375430884743666	0.11575948104167	0.273477939920497	0.0807114227118799	1.28824182169366	0.0988308989900066
0	4.48527371910278e-05	ENSG00000006747.10	0.237110083384061	0.119063829362672	-0.284165994639344	0.389182738400304	0.119392189589699	0.277173943723335	0.0833973505062543	1.33675521043577	0.0906512768425843
0	3.84497390714989e-05	ENSG00000006747.10	0.238943892323656	0.122098565507605	-0.294235073865674	0.402940272961241	0.122613936160297	0.280266665832701	0.0857286409200026	1.38015449412483	0.0837695408445038
0	3.2960807461313e-05	ENSG00000006747.10	0.240805651358079	0.125044338045756	-0.304617193991537	0.416492803717405	0.125437155235238	0.28274470791819	0.0876845927836773	1.41830011905616	0.0780515809795594
0	2.82554538661893e-05	ENSG00000006747.10	0.242724412659536	0.127882295112302	-0.315486735841535	0.429856893329378	0.127643344787063	0.284745749468579	0.0892649511248093	1.44869279032491	0.0737116973897675
0	2.42218178095734e-05	ENSG00000006747.10	0.244606161256694	0.130593529135808	-0.326278004825018	0.442660781621216	0.129722320401956	0.285948962538015	0.0904180086693782	1.47649166865047	0.0699059750919544
0	2.07640075710202e-05	ENSG00000006747.10	0.246524368436341	0.133235101041603	-0.337328328558172	0.455122035395013	0.131268856721264	0.286677693922856	0.0911972029185417	1.49735649447052	0.0671502610608456
0	1.77998205501727e-05	ENSG00000006747.10	0.248572591966473	0.135966221292977	-0.349075102728646	0.467988974773544	0.132563032830578	0.28719413823427	0.0918053834057532	1.51468003041667	0.0649267269855569
0	1.52587890625e-05	ENSG00000006747.10	0.250787040697183	0.13859754498921	-0.361845297176338	0.480768544298423	0.133421912283722	0.287317565869344	0.0920976519688214	1.52654193767696	0.0634374772308019
0	1.30805051094524e-05	ENSG00000006747.10	0.252992392770101	0.141078151485068	-0.374767826264758	0.493237835127626	0.133715793044513	0.287148535914867	0.0920887668197695	1.53182690847445	0.0627825770048333
0	1.1213184297757e-05	ENSG00000006747.10	0.255297704713648	0.143505383407824	-0.388162312219416	0.505439821731841	0.134243194327668	0.286880612617426	0.0920916725294704	1.53922540138585	0.0618746392037453
0	9.61243476787472e-06	ENSG00000006747.10	0.257531522100385	0.145651243171059	-0.401513652109467	0.517039833489782	0.134097355464988	0.285741877805546	0.0914656794013588	1.53871894058949	0.0619364631475428
0	8.24020186532826e-06	ENSG00000006747.10	0.259920467427455	0.147755170733109	-0.415438763072047	0.527832956901044	0.133445805700817	0.285033527094321	0.0909274834701863	1.53229794380058	0.0627244641476125
0	7.06386346654732e-06	ENSG00000006747.10	0.262134415757816	0.14962098230275	-0.428959907888963	0.539166582135167	0.133515127322767	0.283652015779664	0.0902389086742947	1.53370493336471	0.0625511297760296
0	6.05545445239334e-06	ENSG00000006747.10	0.264398138741791	0.151351075008548	-0.442437945297493	0.548880127247288	0.132188885729004	0.282815730349763	0.0894601651102182	1.51946223416292	0.0643230935911252
0	5.19100189275505e-06	ENSG00000006747.10	0.26691373189292	0.153042919949426	-0.457084003675261	0.558084720537898	0.130413432171013	0.28211405347591	0.088637168542371	1.50041812422814	0.0667530638046306
0	4.44995513754318e-06	ENSG00000006747.10	0.269177099824275	0.154402908446179	-0.471345929574804	0.56850601402823	0.129435763197408	0.280449239367267	0.0875402150700066	1.49027431576958	0.068076061472858
0	3.814697265625e-06	ENSG00000006747.10	0.271338174447109	0.155687668797232	-0.484366626535431	0.576618250777376	0.127494585183374	0.280126380857556	0.086878579578198	1.46950273084039	0.0708482408325857
0	16	ENSG00000146648.11	0.0218276528566921	0.00973209009215932	-0.113405482289387	0.135735347727613	-0.0192644822041415	0.24577426867618	0.0547356123035739	-0.192488062735138	0.576320041183497
0	13.7159037256492	ENSG00000146648.11	0.0218281684702987	0.0097325899974104	-0.113425148751487	0.135731271852316	-0.0192175242853647	0.245815518126154	0.0547520552961253	-0.191936099990669	0.576103870290847
0	11.7578759382048	ENSG00000146648.11	0.0218287717544599	0.0097331737462112	-0.113448193647486	0.135726572810549	-0.0191993107174668	0.24580486745985	0.0547466431122849	-0.191716012723341	0.576017668842105
0	10.079368399159	ENSG00000146648.11	0.021829474740203	0.00973385341890814	-0.113475062574718	0.135721121635143	-0.0191780577726608	0.245792522701992	0.0547403656945197	-0.191459216726658	0.575917085109633
0	8.64047791113845	ENSG00000146648.11	0.021830293759641	0.00973464453107534	-0.113506387540621	0.135714803941215	-0.0191532934310986	0.245778129554944	0.054733048720032	-0.191160018193712	0.575799886604623
0	7.40699769829832	ENSG00000146648.11	0.0218312477656731	0.0097355650181043	-0.113542903931217	0.135707490046448	-0.0191244429146349	0.24576134961421	0.0547245211845732	-0.190811485283454	0.575663354970034
0	6.3496042078728	ENSG00000146648.11	0.021832358735591	0.00973663558181807	-0.113585467171831	0.135699033791975	-0.0190908393179228	0.245741789003626	0.0547145843222952	-0.190405578339286	0.575504336622994
0	5.44316000069751	ENSG00000146648.11	0.02183365212816	0.00973788007413543	-0.11363507183378	0.135689271556794	-0.0190517095226758	0.245718989527061	0.0547030072685164	-0.189932981672111	0.57531917638659
0	4.66611615830447	ENSG00000146648.11	0.0218351574005913	0.00973932591825197	-0.113692873599678	0.135678021692219	-0.0190061582310501	0.24569241840218	0.0546895220649846	-0.189382913324874	0.575103642331714
0	4	ENSG00000146648.11	0.0218369085898532	0.00974100456487476	-0.113760214444449	0.135665084629031	-0.0189531499441528	0.24566145643727	0.054673817953798	-0.188742910948597	0.574852841042978
0	3.42897593141229	ENSG00000146648.11	0.0218389449617046	0.00974295197794392	-0.113838651404822	0.135650244002889	-0.018891488752793	0.245625384442775	0.054655534881692	-0.187998592496284	0.57456112273293
0	2.9394689845512	ENSG00000146648.11	0.0218413117290455	0.00974520913992876	-0.113929989312216	0.135633269262203	-0.0188197958525689	0.245583367651083	0.0546342561360947	-0.187133391084216	0.574221975861636
0	2.51984209978975	ENSG00000146648.11	0.0218440608384067	0.00974782256085793	-0.114036317844521	0.135613920371405	-0.0187364847738308	0.245534437900804	0.0546095000374173	-0.186128264438941	0.573827911314544
0	2.16011947778461	ENSG00000146648.11	0.0218472518592813	0.00975084481999467	-0.114160054494146	0.13559195506086	-0.018639758293197	0.245477525850743	0.054580734717251	-0.184961687040137	0.573370456834039
0	1.85174942457458	ENSG00000146648.11	0.0218509338279007	0.00975431805816533	-0.114303225194457	0.135567266481844	-0.0185284474720941	0.245415575891871	0.054549227767031	-0.183622670774135	0.572845261591234
0	1.5874010519682	ENSG00000146648.11	0.0218552143236485	0.00975833450643134	-0.114470265151315	0.135539469807378	-0.0183990835964225	0.245338985918926	0.0545106224877422	-0.182063352696071	0.572233495833388
0	1.36079000017438	ENSG00000146648.11	0.0218601597603599	0.00976296466121037	-0.114663522020183	0.135507799456836	-0.0181868201528592	0.245336950757749	0.0545019578936716	-0.179532965345934	0.571240382396165
0	1.16652903957612	ENSG00000146648.11	0.0218658825064173	0.00976826901670232	-0.114888634243361	0.13547296151392	-0.018004491186932	0.245245777365025	0.0544551038867381	-0.177341058400647	0.570379749035069
0	1	ENSG00000146648.11	0.0218724848075403	0.00977434546242318	-0.115149566605125	0.13543505019901	-0.0177924069339974	0.245140545393208	0.0544010680406166	-0.174794881812528	0.56937959492643
0	0.857243982853073	ENSG00000146648.11	0.0218800892801659	0.00978128218609182	-0.11545182483556	0.13539402000113	-0.0175478511603157	0.245017895860923	0.0543383194432473	-0.171861141351617	0.568226651658927
0	0.734867246137799	ENSG00000146648.11	0.0218888304980837	0.00978917404992874	-0.115801523142295	0.135350308829586	-0.0172663747676283	0.244874979867725	0.0542655078863129	-0.168487522235466	0.566900120419563
0	0.629960524947437	ENSG00000146648.11	0.0218988552982246	0.00979811754893836	-0.116205521251567	0.135304676272871	-0.0169430941856071	0.244708500986312	0.0541810938500536	-0.164616884276072	0.565377229601659
0	0.540029869446153	ENSG00000146648.11	0.0219103219489291	0.00980820760194269	-0.11667145559911	0.13525830301835	-0.0165727077239927	0.2445146553601	0.0540833296585866	-0.160187572111652	0.563633340502696
0	0.462937356143645	ENSG00000146648.11	0.0219233985266448	0.00981953328795175	-0.117207746923663	0.135212906133663	-0.0161495350729003	0.244289069782763	0.0539702421368658	-0.155134027991618	0.561642171771805
0	0.39685026299205	ENSG00000146648.11	0.0219382603011571	0.00983217244709736	-0.117823573339559	0.135170867589478	-0.0156675856486267	0.244026741435844	0.0538396187222736	-0.149387776841173	0.559376171913608
0	0.340197500043594	ENSG00000146648.11	0.0219550859306776	0.00984618516104384	-0.118528795611891	0.135135370697211	-0.0151206608950257	0.243721985255477	0.053688999873086	-0.142878844082037	0.556807066446321
0	0.291632259894029	ENSG00000146648.11	0.0219740522933328	0.00986160627610906	-0.11933381930174	0.135110535844122	-0.0145024939568467	0.243368397920655	0.053515681726788	-0.135537642806502	0.553906597910574
0	0.25	ENSG00000146648.11	0.0219953278393565	0.00987843733727567	-0.120249377189058	0.135101543312667	-0.0138069269645366	0.242958851107308	0.0533167342304489	-0.127297323608383	0.550647460736765
0	0.214310995713268	ENSG00000146648.11	0.0220190644455198	0.00989663855553287	-0.121286215586	0.135114727550462	-0.0130281212973226	0.242485530496505	0.053089041194692	-0.118096515028079	0.547004407632585
0	0.18371681153445	ENSG00000146648.11	0.0220453878928506	0.00991612170954562	-0.122454670629189	0.135157624646466	-0.0121607897428793	0.241940040110882	0.0528293695151403	-0.107882296937612	0.542955469924621
0	0.157490131236859	ENSG00000146648.11	0.0220743885637691	0.00993674699217178	-0.123764166436978	0.13523893921086	-0.0112007184474933	0.241313723405395	0.0525345378871379	-0.0966161155002543	0.538484370974283
0	0.135007467361538	ENSG00000146648.11	0.0221061078749203	0.00995831583854189	-0.125222517499284	0.135368532743557	-0.010144742660762	0.240597010972081	0.052201145323483	-0.0842746066844152	0.533580949252314
0	0.115734339035911	ENSG00000146648.11	0.0221405279427851	0.00998057948361273	-0.126835137693532	0.135557077271686	-0.00898948689740407	0.23978132121697	0.0518263846787786	-0.0708345202398372	0.528235271180454
0	0.0992125657480125	ENSG00000146648.11	0.0221775627071682	0.0100032470054312	-0.128604240166616	0.135815812071259	-0.00773471220291179	0.238859063364152	0.0514081127089419	-0.0563099006696936	0.522452534121565
0	0.0850493750108986	ENSG00000146648.11	0.0222170498862711	0.0100259978348327	-0.130528070182534	0.136156164900617	-0.00638041610135024	0.23782348962365	0.0509447207047196	-0.0407198604457879	0.516240385810237
0	0.0729080649735073	ENSG00000146648.11	0.0222587448910848	0.0100485032529799	-0.132600026434588	0.136589169009537	-0.00492780597759456	0.236669891988138	0.0504356572680621	-0.0240981672378368	0.509612847384232
0	0.0625	ENSG00000146648.11	0.0223023200400568	0.0100704502701387	-0.134808049983727	0.137124859902308	-0.00337887266105354	0.235395893713504	0.0498815208799208	-0.00648753023990774	0.502588131953166
0	0.0535777489283171	ENSG00000146648.11	0.0223473487467844	0.0100915381946666	-0.137133616311279	0.137771481147165	-0.00173323457134565	0.233995876869896	0.0492816674549795	0.012099165252906	0.495173249187853
0	0.0459292028836125	ENSG00000146648.11	0.0223933844699271	0.0101116061257699	-0.139553989899075	0.138535244750443	1.87411322295425e-06	0.232482029283063	0.0486431045491263	0.0315595837118152	0.487411637423722
0	0.0393725328092148	ENSG00000146648.11	0.0224398866273617	0.0101305199619793	-0.142039804165239	0.139419251195243	0.00182533870619062	0.230856193314166	0.0479684556537492	0.0518682021711098	0.479316855574155
0	0.0337518668403846	ENSG00000146648.11	0.0224862956809537	0.0101482637029936	-0.14455782010731	0.140423417129531	0.00373402073442593	0.229126034886841	0.0472628087875143	0.0729788071108996	0.470911491004451
0	0.0289335847589778	ENSG00000146648.11	0.0225320921220654	0.0101649621991751	-0.147074043821797	0.141543601819207	0.0057197427283748	0.227299363772444	0.0465312161511009	0.0947959890727424	0.462238436391381
0	0.0248031414370031	ENSG00000146648.11	0.0225767060327948	0.0101806851984748	-0.149552887007583	0.142778119148951	0.00778045169001765	0.225375585900399	0.045775274676454	0.1172842571565	0.453317399948218
0	0.0212623437527246	ENSG00000146648.11	0.022619543296904	0.0101956975914752	-0.151951371681629	0.144110869414355	0.00992263615945375	0.22337531144252	0.0450053354941913	0.140527424595101	0.444121642891704
0	0.0182270162433768	ENSG00000146648.11	0.0226603576470532	0.0102104827534907	-0.154244915148129	0.145534898175728	0.0121249256939344	0.221320707657007	0.044231583897102	0.164284152738171	0.434753728239493
0	0.015625	ENSG00000146648.11	0.0226988133355192	0.0102253235299396	-0.156406876915557	0.147039222250619	0.0143821427888511	0.219214288745137	0.0434562599822316	0.188507407332867	0.425239454698812
0	0.0133944372320793	ENSG00000146648.11	0.0227347932656977	0.0102405579491637	-0.158422814881181	0.1486096666242	0.016671605009653	0.217069645286569	0.0426852502279511	0.212962066110044	0.415678275403677
0	0.0114823007209031	ENSG00000146648.11	0.0227682280943167	0.010256565350331	-0.160282126524673	0.150246294050792	0.0189851373940068	0.214901467513009	0.0419248121071897	0.237563519445503	0.406109823893979
0	0.0098431332023037	ENSG00000146648.11	0.0227992182437733	0.0102737703614037	-0.161981058559809	0.151933343522933	0.0213093611350971	0.212754504809456	0.0411921202570312	0.262192623572849	0.396586470030186
0	0.00843796671009615	ENSG00000146648.11	0.0228280746008051	0.0102923253780832	-0.16353661455416	0.153664610178704	0.0236040091031485	0.210638827348764	0.0404889932739178	0.286433211953915	0.387273170166988
0	0.00723339618974446	ENSG00000146648.11	0.0228550779037714	0.0103126993614762	-0.16495967197279	0.155449881782279	0.0258587548201331	0.208601176446284	0.0398316809341439	0.310179684443833	0.378212159320037
0	0.00620078535925078	ENSG00000146648.11	0.0228806015961397	0.0103347716566079	-0.166274826658243	0.157276574751107	0.0280503027993834	0.206663672033319	0.0392257054916028	0.333229073674975	0.369480686711787
0	0.00531558593818116	ENSG00000146648.11	0.0229051387013191	0.0103591036114169	-0.167505091557194	0.159157371304774	0.0301529722517284	0.20488918729167	0.0386908228977505	0.355305850477184	0.361180236497745
0	0.00455675406084421	ENSG00000146648.11	0.0229290109733245	0.0103852242152347	-0.168679998155748	0.161087857521853	0.0321642550947889	0.20328412071161	0.0382265296659458	0.376436131736762	0.353296344384729
0	0.00390625	ENSG00000146648.11	0.0229527097202423	0.010413857886439	-0.169820409534559	0.163081118243373	0.0340619103217682	0.201927273436867	0.0378573751166506	0.396375835922914	0.345913894759215
0	0.00334860930801982	ENSG00000146648.11	0.0229764366443505	0.0104442478335766	-0.170953736086809	0.165137180112634	0.035865983883291	0.200806934496913	0.0375774512477591	0.415399862901539	0.338924603508447
0	0.00287057518022578	ENSG00000146648.11	0.0230005791111688	0.0104772500133283	-0.172094457518384	0.167270208257182	0.0375619394146502	0.200001776866633	0.0374115389674194	0.433335027474877	0.332385697330561
0	0.00246078330057593	ENSG00000146648.11	0.0230255217528334	0.0105127057800117	-0.173268727806085	0.169496783645573	0.0391796495814273	0.199523866688242	0.0373638409817281	0.450555562830287	0.326154949953726
0	0.00210949167752404	ENSG00000146648.11	0.0230504805473844	0.0105495005962389	-0.174455955376006	0.17180936294031	0.0407685299642042	0.199346751696167	0.0374272877060742	0.467604744628191	0.32003363565391
0	0.00180834904743611	ENSG00000146648.11	0.0230769213337037	0.0105894558352794	-0.17571421212988	0.174242752814355	0.0422950713021707	0.199548967325122	0.0376266843809261	0.484135735497105	0.314144770710939
0	0.0015501963398127	ENSG00000146648.11	0.023103766746363	0.0106312386303177	-0.177008631515092	0.176820128696908	0.0438732462619102	0.200103306628214	0.0379620617287489	0.501397693088472	0.308045631516113
0	0.00132889648454529	ENSG00000146648.11	0.0231315450612352	0.0106753081144712	-0.178361671620124	0.179532671548148	0.045496462942871	0.200997752807811	0.0384300151107229	0.519339437203513	0.301762028259739
0	0.00113918851521105	ENSG00000146648.11	0.0231603002140888	0.0107215728231653	-0.179785137199093	0.182423646465255	0.0471955221455861	0.202205023719634	0.0390256017663065	0.53829595584974	0.295186371455488
0	0.0009765625	ENSG00000146648.11	0.0231904147507002	0.0107703259268183	-0.181297686091794	0.185506586524432	0.0489824975846991	0.203689454166367	0.0397397394343682	0.558396566122667	0.28828680857132
0	0.000837152327004954	ENSG00000146648.11	0.0239905319611551	0.0111837476373398	-0.17636600725475	0.199033884782106	0.0513256813517574	0.217852714799092	0.0448208192065197	0.560596222450248	0.287536413647453
0	0.000717643795056445	ENSG00000146648.11	0.0232538372434687	0.0108735735553134	-0.184561177591458	0.192254934495803	0.052972145683061	0.207261116502903	0.0414675015908944	0.603664069135378	0.273033503614305
0	0.000615195825143981	ENSG00000146648.11	0.0232878098168205	0.0109282959336687	-0.186345522875616	0.195920332152416	0.0551468580385717	0.209231289427468	0.0424411351794593	0.628493729542977	0.264840276539987
0	0.000527372919381009	ENSG00000146648.11	0.023323633154926	0.0109850693870865	-0.188246294663188	0.199753485950576	0.0574241596583027	0.211235434492544	0.0434559020191906	0.654553622240775	0.256377596131497
0	0.000452087261859029	ENSG00000146648.11	0.023361186723975	0.0110434388094097	-0.190258830534946	0.203722304753077	0.0597973621131354	0.213190992401536	0.0444810838327261	0.681720398657809	0.247707883178827
0	0.000387549084953174	ENSG00000146648.11	0.0234006957527906	0.0111033378041435	-0.192390170973855	0.20778219072303	0.0622437697136294	0.215047276272782	0.0454950847972712	0.709698484153207	0.238945566185412
0	0.000332224121136323	ENSG00000146648.11	0.0234421553989817	0.0111645313320795	-0.194634285159051	0.211869326582983	0.0647402273257369	0.216745503186911	0.0464720488707605	0.738177055357575	0.230203431929786
0	0.000284797128802763	ENSG00000146648.11	0.0234856328004636	0.0112267901809904	-0.196988396321702	0.215919272384368	0.0672659840504159	0.218232299012131	0.0473875153091791	0.766871069742739	0.221579087960523
0	0.000244140625	ENSG00000146648.11	0.0235308214667956	0.0112897313067019	-0.199434022133624	0.219861404345193	0.0698017803342241	0.219477770300932	0.048225731028469	0.795516435852779	0.213156577059403
0	0.000209288081751239	ENSG00000146648.11	0.0235778557636839	0.0113532196522817	-0.201967930151848	0.223625519768192	0.0723191686339968	0.220450950633697	0.0489688216236831	0.823755698311469	0.205039192246515
0	0.000179410948764111	ENSG00000146648.11	0.0236266302105168	0.0114166040133578	-0.204594330219182	0.227178342234321	0.0748234971881764	0.221125194289418	0.0496052721260487	0.851600481382619	0.197217936169927
0	0.000153798956285996	ENSG00000146648.11	0.024349282223846	0.0119659785563688	-0.19225055884711	0.239153610421104	0.0831684604982761	0.234109426297415	0.0556345248050353	0.899919177819846	0.184081631718917
0	0.000131843229845252	ENSG00000146648.11	0.0237294144247311	0.0115426147068204	-0.210090385530165	0.233399481257409	0.0796450580585652	0.221575005075017	0.0505292698597467	0.904411521574394	0.182888615532195
0	0.000113021815464757	ENSG00000146648.11	0.023783781958731	0.0116046005168227	-0.21298307296616	0.236014803680374	0.0818842764029281	0.221354269522658	0.0508029760943496	0.92852260498286	0.176568273807891
0	9.68872712382935e-05	ENSG00000146648.11	0.023839075725551	0.0116650521231802	-0.215932936258424	0.23827966542205	0.0841352295686362	0.220805654634319	0.0509583602612084	0.952404993579689	0.170445813966677
0	8.30560302840807e-05	ENSG00000146648.11	0.0238972183684883	0.0117245167742608	-0.219022336664329	0.240179036719674	0.0860913187133461	0.219982356236578	0.0509647285076599	0.972848851204533	0.165314214640125
0	7.11992822006907e-05	ENSG00000146648.11	0.0239566172607091	0.0117810085692601	-0.222231224399413	0.241793470573552	0.0880098676862773	0.218861448872626	0.0508560372325187	0.992580548361441	0.160457203992774
0	6.103515625e-05	ENSG00000146648.11	0.0240184828583952	0.0118370852075255	-0.225540498620297	0.243078098351789	0.089680084194286	0.217627836500644	0.0506682051990501	1.00943113284825	0.156383956920215
0	5.23220204378097e-05	ENSG00000146648.11	0.0240832291084652	0.0118864597999761	-0.22916487235396	0.243989946945782	0.0911371496288931	0.215567889088875	0.0501285433680893	1.02355222438591	0.153023410418228
0	4.48527371910278e-05	ENSG00000146648.11	0.0241483644720106	0.011938663973774	-0.232683215296772	0.244818603924084	0.0922781155538613	0.21419984958304	0.0498086686154292	1.03445808632236	0.150461030734756
0	3.84497390714989e-05	ENSG00000146648.11	0.0242188756736327	0.0119826490435902	-0.236716714476667	0.245387025501267	0.093133325756328	0.211918029906371	0.0490921426258921	1.04189818744804	0.148729442286841
0	3.2960807461313e-05	ENSG00000146648.11	0.0242920334476887	0.0120241825636264	-0.240929506064552	0.245736693025427	0.0935899931205917	0.209584078829853	0.0482920243013747	1.04502460754127	0.148005798294825
0	2.82554538661893e-05	ENSG00000146648.11	0.0243674668433949	0.0120624951654043	-0.24532349977463	0.245945234424797	0.0936306078884569	0.207242816657579	0.0474213172841123	1.04371471894073	0.148308698941007
0	2.42218178095734e-05	ENSG00000146648.11	0.0244459017104358	0.0120966387023142	-0.249973957389399	0.24603674522374	0.0932181337108577	0.204848351565958	0.0464561828778965	1.03758722501401	0.149731133979875
0	2.07640075710202e-05	ENSG00000146648.11	0.0245272003220592	0.0121267401246708	-0.254872454076142	0.246028110700009	0.0923433572349987	0.202466224967688	0.0454206106528302	1.02659334578545	0.152305994332713
0	1.77998205501727e-05	ENSG00000146648.11	0.024611449758309	0.0121526305974471	-0.260027131550019	0.245926903414933	0.0909735754645594	0.20020203731041	0.0443489616017207	1.01043648176347	0.156143108383
0	1.52587890625e-05	ENSG00000146648.11	0.0246986070329697	0.0121741360160492	-0.265441504931242	0.245750624462783	0.089115284746975	0.198167037008381	0.0432846910765472	0.989217387680473	0.161278396503755
0	1.30805051094524e-05	ENSG00000146648.11	0.024788630728546	0.0121912234761115	-0.271118300377374	0.245553827595734	0.0867943472452896	0.196501608124139	0.0422848525095713	0.963239783645153	0.167713602183911
0	1.1213184297757e-05	ENSG00000146648.11	0.0248816011058145	0.0122037238536511	-0.27707011294895	0.245379069907127	0.0840563709040208	0.195322709495239	0.0414013382496598	0.932990651839669	0.175412397489778
0	9.61243476787472e-06	ENSG00000146648.11	0.0249778980538401	0.0122115866948683	-0.283326464658744	0.245324398807996	0.08095791392995	0.194764551357894	0.0406940912469668	0.89904857056054	0.184313395068963
0	8.24020186532826e-06	ENSG00000146648.11	0.025075860499629	0.0122153468540685	-0.2897828127103	0.245452870965624	0.0777144824317065	0.194929106102303	0.0402371615448865	0.863667555248836	0.193885270840937
0	7.06386346654732e-06	ENSG00000146648.11	0.025177418482196	0.0122138132842486	-0.296580555625646	0.245924976821949	0.0743184612419632	0.195683297750705	0.0399859913981053	0.82664606204054	0.204218850727288
0	6.05545445239334e-06	ENSG00000146648.11	0.0252847765452053	0.0122056874304789	-0.3039245173762	0.24703372324536	0.0708331303854666	0.197044030810531	0.0399610474304599	0.788612683108813	0.215169207882129
0	5.19100189275505e-06	ENSG00000146648.11	0.0253941213586688	0.0121936776927302	-0.311515854767948	0.248934019787557	0.0673873597938938	0.198907664038834	0.0401488891920387	0.750890427290074	0.226359300939722
0	4.44995513754318e-06	ENSG00000146648.11	0.0255056896245981	0.0121784103854249	-0.319367064160043	0.251818293000128	0.0640805476385094	0.201123966162943	0.0405120813742526	0.71451944642591	0.237453017851902
0	3.814697265625e-06	ENSG00000146648.11	0.0256197578702717	0.0121604770233236	-0.327499685292644	0.255914610978394	0.06096676965164	0.203515820086251	0.0409937671245975	0.680066198245902	0.248231273030131
0	0.000837152327004955	ENSG00000146648.11	0.0163001313867123		-0.241541858766553		0.0471991462462912		0.00222775940637878		
0	0.000153798956285995	ENSG00000146648.11	0.017630249563871		-0.342853765699708		0.0238459260326109		0.00056862818835275		
0	16	ENSG00000239857.2	0.164211828308187	0.0761059260438843	-0.145039247530128	0.243117269830479	-0.217307994025444	0.314782063845308	0.136401737214203	-2.50337076476089	0.993849170091585
0	13.7159037256492	ENSG00000239857.2	0.164215051629553	0.0761045341312362	-0.145068693309743	0.243103961838034	-0.217287122611126	0.31483622153091	0.136423355401697	-2.50310144128953	0.993844487371565
0	11.7578759382048	ENSG00000239857.2	0.164218830246439	0.076102903201486	-0.145103213822558	0.24308838812196	-0.217278137130057	0.314852852588456	0.136428875779487	-2.50297757275089	0.9938423326125
0	10.079368399159	ENSG00000239857.2	0.164223232999404	0.0761010029180933	-0.145143435862596	0.2430702464082	-0.217267640892317	0.314872280140535	0.136435325299722	-2.5028329214923	0.993839815481237
0	8.64047791113845	ENSG00000239857.2	0.164228362022476	0.0760987892189135	-0.14519029227914	0.243049118090782	-0.217255388379603	0.314894899670236	0.136442821834468	-2.50266408596119	0.993836876357498
0	7.40699769829832	ENSG00000239857.2	0.164234335791288	0.0760962109967442	-0.145244865120927	0.243024518140088	-0.217241084249688	0.314921227341995	0.136451530173509	-2.50246700611935	0.993833443979707
0	6.3496042078728	ENSG00000239857.2	0.164241291635199	0.0760932090194416	-0.14530840855278	0.242995885128306	-0.217224383016019	0.314951859762138	0.136461639147556	-2.50223693500522	0.993829434877856
0	5.44316000069751	ENSG00000239857.2	0.164249388569645	0.076089714712765	-0.145382374683551	0.242962570042115	-0.217204880400389	0.314987485497156	0.136473364487586	-2.50196832110644	0.993824751227811
0	4.66611615830447	ENSG00000239857.2	0.164258810494286	0.0760856487876219	-0.145468442718468	0.2429238237617	-0.217182103159354	0.315028897808211	0.136486951741551	-2.50165467024209	0.99381927831173
0	4	ENSG00000239857.2	0.164269769782472	0.0760809197017027	-0.145568551662989	0.242878783161191	-0.217155497120178	0.315077008626182	0.136502679157852	-2.50128838350027	0.993812881510417
0	3.42897593141229	ENSG00000239857.2	0.164282511280681	0.076075421948938	-0.145684936739984	0.242826455834254	-0.217124413114031	0.31513286368484	0.136520860366899	-2.50086056717251	0.993805402737695
0	2.9394689845512	ENSG00000239857.2	0.164297316725317	0.0760690341757486	-0.145820169576612	0.242765703521436	-0.21708809045349	0.315197658628303	0.136541846621031	-2.50036081013832	0.99379665621109
0	2.51984209978975	ENSG00000239857.2	0.164314509567351	0.0760616171313839	-0.145977202058535	0.242695224420532	-0.217045637557862	0.315272755767656	0.136566028259297	-2.49977692364884	0.99378642343441
0	2.16011947778461	ENSG00000239857.2	0.164334460170956	0.0760530114716394	-0.146159413521905	0.242613534706875	-0.216996009299145	0.31535970096993	0.136593834948014	-2.49909463814807	0.993774447248743
0	1.85174942457458	ENSG00000239857.2	0.164357591318812	0.0760430354519289	-0.146370660640459	0.242518949787412	-0.216937980630337	0.315460239911369	0.136625734108413	-2.49829725175369	0.993760424789647
0	1.5874010519682	ENSG00000239857.2	0.164384383912104	0.0760314825682344	-0.146615328948087	0.242409566072234	-0.216870116088727	0.315576332604953	0.136662226782691	-2.49736522559661	0.993743999173313
0	1.36079000017438	ENSG00000239857.2	0.164415382695828	0.0760181192340857	-0.146898384400214	0.242283244381	-0.216790734870944	0.315710164713187	0.136703840018789	-2.49627572280826	0.993724749728891
0	1.16652903957612	ENSG00000239857.2	0.164451169375743	0.076002727370216	-0.147224948534029	0.242137864644958	-0.216703059158651	0.31586641658425	0.136754649661915	-2.49506320645034	0.993703265226364
0	1	ENSG00000239857.2	0.164492260034118	0.0759851907095651	-0.147599352221863	0.241971376202891	-0.216579809576722	0.316029104929174	0.136793769562391	-2.49339007882533	0.993673512261493
0	0.857243982853073	ENSG00000239857.2	0.164539322706302	0.0759649165848052	-0.148029361897443	0.241781245598309	-0.216451813482621	0.316215699569183	0.136844519348541	-2.49167572869241	0.993642897223573
0	0.734867246137799	ENSG00000239857.2	0.164593792072852	0.0759415365121263	-0.148526319588725	0.241561895175089	-0.216300795632519	0.316442709370183	0.136908423673448	-2.48961717352556	0.993605962129657
0	0.629960524947437	ENSG00000239857.2	0.164656085665274	0.0759145056604066	-0.149095073961663	0.24130996250187	-0.216151755723975	0.31670251491538	0.136992016160911	-2.48752067586082	0.993568151199286
0	0.540029869446153	ENSG00000239857.2	0.164727452499262	0.0758838561190107	-0.149746025681407	0.241024586123262	-0.215948838873501	0.316995918298885	0.137071672007151	-2.48475234454115	0.993517920531439
0	0.462937356143645	ENSG00000239857.2	0.164808833195412	0.0758489560315875	-0.150488091078894	0.240701009702822	-0.215711828996391	0.317327339066982	0.137158569276366	-2.48152351276944	0.993458896044263
0	0.39685026299205	ENSG00000239857.2	0.164901316809039	0.0758092841060096	-0.151331303559324	0.240335157557689	-0.215358658600605	0.317903187809254	0.137335544971609	-2.47677682271535	0.993371261405075
0	0.340197500043594	ENSG00000239857.2	0.165006117217274	0.0757645056378111	-0.152286227878267	0.239924426349355	-0.215032925773833	0.318335424980304	0.137442857684507	-2.47235063262175	0.993288610374205
0	0.291632259894029	ENSG00000239857.2	0.165124403780913	0.0757141203177998	-0.153363484033408	0.239465301919622	-0.214658004784618	0.318812459211736	0.137555304751884	-2.46726139862757	0.993192453717798
0	0.25	ENSG00000239857.2	0.165257375107715	0.0756577080997218	-0.154573727808461	0.238955164350431	-0.214228914445459	0.319335281645162	0.137671547677535	-2.46144277785922	0.993081026508418
0	0.214310995713268	ENSG00000239857.2	0.165406211870076	0.0755948979049985	-0.155927356690027	0.238392166973341	-0.213741399241284	0.319904068742266	0.137790137627693	-2.454837892305	0.992952593354174
0	0.18371681153445	ENSG00000239857.2	0.165572051186476	0.0755253939220127	-0.157434247955158	0.237775527943085	-0.213192607498024	0.320518122890487	0.137909768282924	-2.44740793137199	0.992805605920007
0	0.157490131236859	ENSG00000239857.2	0.165755962047463	0.0754490056690527	-0.159103499464723	0.237105852568092	-0.212581980448722	0.321175890737985	0.138029655923705	-2.43914326450518	0.992638934806653
0	0.135007467361538	ENSG00000239857.2	0.165958924266797	0.0753656811030461	-0.160943194977633	0.236385473749088	-0.211912341414165	0.321875075006672	0.138150047963129	-2.43007683197359	0.992452188800287
0	0.115734339035911	ENSG00000239857.2	0.166181813357023	0.0752755416549114	-0.162960215466497	0.235618791675267	-0.211191129665826	0.32261283677636	0.138272831457129	-2.42029902243322	0.992246125493521
0	0.0992125657480125	ENSG00000239857.2	0.166425393097036	0.0751789176621293	-0.165160112908193	0.234812587141104	-0.210431663124698	0.323386061366693	0.138402175063063	-2.40997252774186	0.9920231391108
0	0.0850493750108986	ENSG00000239857.2	0.166690316312557	0.0750763822802195	-0.16754705285388	0.233976276108977	-0.209654247799899	0.32419163682873	0.138545099271263	-2.39934492709485	0.991787782488446
0	0.0729080649735073	ENSG00000239857.2	0.166977132611298	0.0749687816179482	-0.170123817580893	0.233122067581702	-0.208886897926971	0.325026678552133	0.138711843719121	-2.38875621854389	0.991547242107574
0	0.0625	ENSG00000239857.2	0.16728629978807	0.0748572585818512	-0.172891845403437	0.232264984199441	-0.208165413551484	0.325888633819401	0.138915900886469	-2.37863846071504	0.991311645207632
0	0.0535777489283171	ENSG00000239857.2	0.167618193849165	0.0747432677469026	-0.175851268292376	0.231422707497278	-0.207532604399528	0.326775216130698	0.139173619578389	-2.36950533236294	0.991094050878097
0	0.0459292028836125	ENSG00000239857.2	0.167973139714483	0.0746285794956768	-0.179001088849781	0.230615120854974	-0.207035948316959	0.327684125518852	0.139503081400852	-2.36192402357449	0.990909816151391
0	0.0393725328092148	ENSG00000239857.2	0.168351312596207	0.074515250316695	-0.182338663418369	0.229864341941271	-0.206727240032221	0.328614420114136	0.139924845167594	-2.35651178225791	0.990776258789815
0	0.0337518668403846	ENSG00000239857.2	0.168752600563886	0.074405759126901	-0.185857708592912	0.22919321380263	-0.206650327236679	0.329559261305635	0.140452733788111	-2.35378904684304	0.990708423100005
0	0.0289335847589778	ENSG00000239857.2	0.169176833902991	0.0743022441274647	-0.189552115792512	0.228622090471594	-0.206854758978544	0.330511972875688	0.141103239104833	-2.35432774519307	0.990721879055861
0	0.0248031414370031	ENSG00000239857.2	0.169624094803148	0.0742078051797969	-0.193416232429454	0.228175293763612	-0.207384541650108	0.331469627111397	0.141893250443057	-2.35868917518764	0.99083019520709
0	0.0212623437527246	ENSG00000239857.2	0.170093222236269	0.0741248102357228	-0.197435415922136	0.227868564657219	-0.208248074945331	0.332426837906557	0.142824103022934	-2.36696504594536	0.991032686723284
0	0.0182270162433768	ENSG00000239857.2	0.170584623430489	0.0740564028915536	-0.201605941296329	0.227725009557367	-0.209495025576605	0.333335743925025	0.143889612101587	-2.37975368454289	0.991337893085392
0	0.015625	ENSG00000239857.2	0.17109695189026	0.0740050256910001	-0.205911734659878	0.227757175515643	-0.211111568889879	0.334178688628982	0.145075950859553	-2.39691100901871	0.991733030626363
0	0.0133944372320793	ENSG00000239857.2	0.171628815625227	0.073972391574239	-0.210337348093804	0.227972690199708	-0.213080432479217	0.334918192225403	0.146356446640708	-2.41825540641963	0.992202436890636
0	0.0114823007209031	ENSG00000239857.2	0.172178671904828	0.0739617070262303	-0.214865834547232	0.228389792120878	-0.215389039795153	0.335515099827622	0.147705782454983	-2.4436786300621	0.992730814769982
0	0.0098431332023037	ENSG00000239857.2	0.172745904709602	0.0739741063641061	-0.219489813461512	0.22901334835304	-0.217973132375169	0.335912216280889	0.149065601779508	-2.47239532939385	0.993289449536356
0	0.00843796671009615	ENSG00000239857.2	0.173328730160919	0.0740110898409766	-0.224193917511833	0.229851534845957	-0.220789140933855	0.336034712100305	0.150375239717011	-2.50391598259726	0.993858640119693
0	0.00723339618974446	ENSG00000239857.2	0.173922737134917	0.0740706716603446	-0.228949627578647	0.230890802962119	-0.22373797471582	0.335828625462976	0.151561460442254	-2.53709754047145	0.994411209697218
0	0.00620078535925078	ENSG00000239857.2	0.174532046041229	0.0741578277137865	-0.233783245524644	0.232173940358375	-0.22680616771848	0.335254721901412	0.152597193416617	-2.57162419745185	0.994938864927428
0	0.00531558593818116	ENSG00000239857.2	0.175153056579079	0.0742710990132688	-0.238674062424255	0.233698283310124	-0.229879766291821	0.334248264445478	0.153394419006715	-2.60620937453081	0.995422476010795
0	0.00455675406084421	ENSG00000239857.2	0.17578416997761	0.0744078647141038	-0.243618588239528	0.235461610458438	-0.232847400266511	0.332769801100047	0.153880078282621	-2.63935773996734	0.995846836155192
0	0.00390625	ENSG00000239857.2	0.176426536162952	0.0745716470057324	-0.248628358601934	0.237497632223604	-0.235643287467581	0.330818412372209	0.154024498696551	-2.67032528033565	0.996211110122876
0	0.00334860930801982	ENSG00000239857.2	0.177074975608313	0.0747556793666256	-0.253677983081119	0.239766637981705	-0.238122131804309	0.328353048136966	0.153736301453782	-2.69725662958289	0.996504331607944
0	0.00287057518022578	ENSG00000239857.2	0.177735347110785	0.0749647591092633	-0.258818823012849	0.242349817768612	-0.240242509804497	0.325418362124717	0.153023862884304	-2.71965665224071	0.996732513362531
0	0.00246078330057593	ENSG00000239857.2	0.178403617450141	0.0751962804936772	-0.2640295877948	0.245212932520368	-0.24188175030456	0.322013606465593	0.151830267604478	-2.73605525468567	0.99689097079284
0	0.00210949167752404	ENSG00000239857.2	0.17908610637995	0.0754499745077365	-0.269366824269755	0.248393544514877	-0.24301575106644	0.318233926152451	0.150202203845349	-2.74631074045541	0.996986517569779
0	0.00180834904743611	ENSG00000239857.2	0.179773852744712	0.0757189358598386	-0.274783740444214	0.251849550689799	-0.243492445167129	0.314098479015418	0.148080639921286	-2.74870441596241	0.997008434281032
0	0.0015501963398127	ENSG00000239857.2	0.180477307420283	0.0760102926516439	-0.280359035872115	0.255648101357052	-0.243340066122862	0.309719787431145	0.145548099834433	-2.74383879208634	0.996963732458089
0	0.00132889648454529	ENSG00000239857.2	0.181191460147816	0.0763169975579154	-0.286070571929597	0.259725741764696	-0.242469350155218	0.305170925940712	0.142607750400254	-2.73084598873969	0.996841400740637
0	0.00113918851521105	ENSG00000239857.2	0.181919650310169	0.0766394969959544	-0.291951937935179	0.264099429081606	-0.240898073094997	0.300600407724467	0.139356426232587	-2.71023383904307	0.996638210630897
0	0.0009765625	ENSG00000239857.2	0.182665013545626	0.0769753753263191	-0.298036847097994	0.268749976573057	-0.238659092929274	0.296118635381448	0.135875784235978	-2.68262562111029	0.996347664397064
0	0.000837152327004954	ENSG00000239857.2	0.201284621543099	0.0759955291577765	-0.297492224828859	0.30879793013506	-0.232737925644044	0.32437218611617	0.146232092768153	-2.34905514787919	0.990589440507246
0	0.000717643795056445	ENSG00000239857.2	0.184212194200529	0.0776755899348638	-0.310892406632415	0.278797397674161	-0.232372645003589	0.288136864126359	0.128717613367679	-2.60929268817407	0.995463519868681
0	0.000615195825143981	ENSG00000239857.2	0.185022754093953	0.0780343655914137	-0.317737620422558	0.284119042677546	-0.228504448167181	0.284831760597119	0.125230501492557	-2.56581633204443	0.994853334189577
0	0.000527372919381009	ENSG00000239857.2	0.185867200352438	0.0783946740706859	-0.324954029804316	0.289650461901256	-0.224365744604216	0.282102828815707	0.121963792775046	-2.52017251825283	0.994135133556273
0	0.000452087261859029	ENSG00000239857.2	0.186750593615882	0.078769190185172	-0.332537540178228	0.295433090227483	-0.21993989481906	0.280198875732818	0.119033826298761	-2.47213701946354	0.993284598600692
0	0.000387549084953174	ENSG00000239857.2	0.187683044761455	0.0791315846330011	-0.340657979131003	0.301412554131957	-0.215558374096484	0.278573973912079	0.116308525690171	-2.42510192105577	0.99234795523868
0	0.000332224121136323	ENSG00000239857.2	0.188680500540476	0.0795243390758727	-0.349281676886101	0.307655811737809	-0.211100793352252	0.278088161526044	0.114163267976792	-2.3781531037017	0.991300200092715
0	0.000284797128802763	ENSG00000239857.2	0.189735460537289	0.079891559355824	-0.358551170399618	0.314121480343871	-0.206916841320197	0.27735401689783	0.112047304842353	-2.33413366860724	0.990205638088675
0	0.000244140625	ENSG00000239857.2	0.19089034979916	0.0803367577205844	-0.368515530270265	0.321054018077503	-0.202850575255868	0.277920472915185	0.110664166220497	-2.29234833810593	0.989057224705439
0	0.000209288081751239	ENSG00000239857.2	0.192106162301766	0.0806877534979627	-0.379233509125351	0.327986163388666	-0.19935298149095	0.277836423803076	0.109215381781845	-2.25624428284414	0.987972331673052
0	0.000179410948764111	ENSG00000239857.2	0.19338814628469	0.0811413504977833	-0.390396857050508	0.335674850980149	-0.195285702972284	0.278914627984671	0.108150538518824	-2.21431297280231	0.986596371584747
0	0.000153798956285996	ENSG00000239857.2	0.194832869577626	0.081576622342658	-0.402934368295239	0.34362093900049	-0.19250039536772	0.279507096099083	0.107368197309496	-2.18635535414628	0.985605191365097
0	0.000131843229845252	ENSG00000239857.2	0.196307983265778	0.0820963693381648	-0.41569151875858	0.352316372928897	-0.188901547119043	0.28084841008641	0.106672041007226	-2.14913225554497	0.984188041250081
0	0.000113021815464757	ENSG00000239857.2	0.19795269800872	0.082624917248011	-0.429837919312301	0.361574662451684	-0.186221887832985	0.282177144133777	0.106340138112426	-2.12176313142295	0.983071182931417
0	9.68872712382935e-05	ENSG00000239857.2	0.199647988042786	0.0832619135367063	-0.444261812011264	0.371431261322701	-0.183001571642616	0.283995580329256	0.106077715905563	-2.08798909034006	0.981600590596122
0	8.30560302840807e-05	ENSG00000239857.2	0.201520336751455	0.0839325457752585	-0.460137089482617	0.382215423856978	-0.180398174019264	0.286026558822217	0.106173574305996	-2.06061656622565	0.980330182483821
0	7.11992822006907e-05	ENSG00000239857.2	0.203426563770192	0.0847526773559879	-0.476052015366873	0.393554607907443	-0.177258667041277	0.288822012567077	0.106496974490217	-2.02708056082287	0.978672912733873
0	6.103515625e-05	ENSG00000239857.2	0.205550001887525	0.0856493873199698	-0.493691496115602	0.406143438759346	-0.174461210092907	0.292042212746456	0.107196502450343	-1.99694889135383	0.97708463236376
0	5.23220204378097e-05	ENSG00000239857.2	0.188911890803666	0.0670447200530207	-0.449794040965171	0.394163676391506	-0.190746230738262	0.307341714845667	0.120347617593543	-2.07328551128129	0.980927141856484
0	4.48527371910278e-05	ENSG00000239857.2	0.210112981417376	0.0880033420532721	-0.530639871170782	0.433895972459884	-0.167855181787426	0.301271300511884	0.109863318913799	-1.92571306596818	0.972929894247335
0	3.84497390714989e-05	ENSG00000239857.2	0.212489830158047	0.0894374398263773	-0.549551856332591	0.449132094607422	-0.16408983202794	0.307257265892482	0.111891797674308	-1.8852005362187	0.970298615765634
0	3.2960807461313e-05	ENSG00000239857.2	0.215128505941251	0.0911326583966278	-0.57025869292184	0.46593905886308	-0.159994337662808	0.313988198246625	0.114327917858506	-1.84100751582958	0.967189771343124
0	2.82554538661893e-05	ENSG00000239857.2	0.217843446836041	0.0929651090113251	-0.59117598894365	0.48276378664757	-0.156667374373522	0.32069617365908	0.117106098412711	-1.80538143062835	0.964492492536948
0	2.42218178095734e-05	ENSG00000239857.2	0.220652519344493	0.0951670650931425	-0.61270578403428	0.501970134344401	-0.150950862866228	0.329243712661027	0.120347443094194	-1.74324888631329	0.959354925252601
0	2.07640075710202e-05	ENSG00000239857.2	0.223713283041863	0.0978300060852568	-0.635321668276406	0.522387316266805	-0.145416687976283	0.337886912941729	0.123896822485554	-1.68296229772983	0.953808804865464
0	1.77998205501727e-05	ENSG00000239857.2	0.226918877312942	0.100446955879211	-0.659147630475084	0.542346553719345	-0.140769746373348	0.344965224184483	0.126917026801002	-1.63057834409488	0.948510339122706
0	1.52587890625e-05	ENSG00000239857.2	0.230617520369728	0.103979396264808	-0.685414538721511	0.565165688066813	-0.134735751194661	0.35285329787029	0.130208627486135	-1.56148718968632	0.940795577969388
0	1.30805051094524e-05	ENSG00000239857.2	0.23418492352224	0.107788108142847	-0.710475573110991	0.589619249072723	-0.127281320989785	0.360768643060847	0.133339147107273	-1.47416441429974	0.929781335691525
0	1.1213184297757e-05	ENSG00000239857.2	0.237824734262567	0.111208788086747	-0.736527495376057	0.611989012632353	-0.12151321141151	0.365717949289983	0.135140117137122	-1.40309097426875	0.919705143858007
0	9.61243476787472e-06	ENSG00000239857.2	0.242058844176898	0.11535047023991	-0.765820486701278	0.6358588149316	-0.115676603092314	0.368797385425681	0.135791436850113	-1.32926291181973	0.908119377124804
0	8.24020186532826e-06	ENSG00000239857.2	0.246369548151855	0.119811486724385	-0.795468874470923	0.66101085440136	-0.108601084747294	0.372587567237023	0.136733541341932	-1.23843046745823	0.892221755320868
0	7.06386346654732e-06	ENSG00000239857.2	0.251190671738467	0.125150049487562	-0.828109861786045	0.690256645200488	-0.101421318704815	0.37644868154712	0.137828532742532	-1.14800737484726	0.874517240319885
0	6.05545445239334e-06	ENSG00000239857.2	0.256075684504781	0.130353472986338	-0.86100737325924	0.719083227983307	-0.0948135710741781	0.378301910872692	0.137790715452775	-1.06381948255758	0.856294758127548
0	5.19100189275505e-06	ENSG00000239857.2	0.261156771477279	0.135395072175716	-0.895854066250833	0.747085402080636	-0.0884074939593305	0.379400342497629	0.137366042886756	-0.982507883091881	0.837075149367382
0	4.44995513754318e-06	ENSG00000239857.2	0.266593172273071	0.140926464077817	-0.933055476432888	0.77821719457598	-0.0821660351621017	0.37964711284003	0.136469994593253	-0.902096872283434	0.816497294887103
0	3.814697265625e-06	ENSG00000239857.2	0.272180957565617	0.146490380419976	-0.971322816041679	0.808585630935081	-0.0768389551770396	0.380161759876937	0.135974892338156	-0.834381736380271	0.797967047179346
0	0.000837152327004955	ENSG00000239857.2	0.112006682565085	0.0250752704445793	-0.331755156971276	0.0682731827180858	-0.247992681921009	0.173483525111756	0.0765486370289757		
0	5.23220204378096e-05	ENSG00000239857.2	0.376801459425601		-1.06363072574748		0.00543536945003055		2.95432410583254e-05		
