ENSG00000239857.2_REG1	914688	918041	915094_1_false,915478_1_false,915677_1_false,916004_1_false,916059_1_false,916140_1_false,916533_1_false,916677_1_false,916690_1_false,916815_1_false,916838_2_true,916861_1_false,917183_1_false,917225_1_false,917227_1_false,917351_1_false,917552_1_false,917638_1_false,917827_1_false
ENSG00000239857.2_REG2	921679	924160	922213_1_false,922546_2_true,922557_1_false
ENSG00000239857.2_REG3	925169	927622	925353_1_false,925716_1_false,925865_1_false,925948_1_false,925966_1_false,926076_1_false,926969_1_false,927467_1_false,927537_1_false
ENSG00000239857.2_REG4	930436	932436	930607_1_false,930688_1_false,930779_1_false,931421_1_false,931646_1_false,931659_1_false,931959_1_false,932256_1_false,932267_24_true
ENSG00000006747.10_REG1	12608702	12610846	12608705_1_false,12608814_1_false,12609042_1_false,12609459_1_false,12609678_1_false,12609987_1_false,12610372_1_false,12610450_1_false,12610593_1_false,12610640_1_false,12610807_1_false
ENSG00000006747.10_REG2	12627052	12629557	12627101_1_false,12627244_1_false,12627559_1_false,12628368_1_false,12628839_1_true,12628896_1_false,12628992_1_false,12629477_1_false
ENSG00000006747.10_REG3	12633673	12635673	12633760_1_false,12633907_1_false,12633954_1_false,12634477_1_false,12635460_1_false
ENSG00000006747.10_REG4	12642637	12644637	12642929_1_false,12643395_1_false,12643533_1_true,12643723_1_false,12644032_1_false,12644333_1_false,12644374_1_false,12644498_1_false,12644501_1_false,12644615_1_false,12644634_1_false
ENSG00000006747.10_REG5	12649155	12651155	12649201_1_true,12649499_-1_true,12649996_1_false,12650102_1_false,12650401_1_false,12650429_1_false,12650578_1_false,12650850_1_false,12651077_1_false
ENSG00000006747.10_REG6	12660962	12662962	12661108_1_false,12661311_1_false,12662211_1_false
ENSG00000146648.11_REG1	55085213	55087343	55086211_1_false,55086754_1_false,55086779_1_false,55087138_1_false
ENSG00000146648.11_REG2	55175915	55178039	55176694_1_false,55176695_1_false,55177698_1_false,55177868_1_false
ENSG00000146648.11_REG3	55259003	55261003	55259449_1_false,55259762_1_false,55259947_1_false,55260128_1_false
